Email,Name,Title,Office
geoffrey.martin@linkedin.com,Geoffrey Martin,Surveyor,"South Karenfurt, WV"
pamela.davis@linkedin.com,Pamela Davis,Phytotherapist,"New Stephanie, AZ"
sheena.wagner@linkedin.com,Sheena Wagner,Retail banker,"Lewisberg, NV"
edwin.williams@linkedin.com,Edwin Williams,Operational investment banker,"Lake Melissa, TX"
jerome.harris@linkedin.com,Jerome Harris,Corporate investment banker,"South Erikafurt, ND"
amanda.murphy@linkedin.com,Amanda Murphy,Chief Marketing Officer,"New Tonyaburgh, OH"
amy.page@linkedin.com,Amy Page,Actor,"Cisnerosshire, FL"
brandon.davis@linkedin.com,Brandon Davis,Corporate investment banker,"Mathewfurt, ID"
wendy.page.md@linkedin.com,Wendy Page MD,Pharmacist,"East Jessicaside, OR"
john.miller@linkedin.com,John Miller,Quarry manager,"East Brittanyfurt, PA"
justin.west@linkedin.com,Justin West,Copywriter,"Derekfort, NC"
amanda.jackson@linkedin.com,Amanda Jackson,Freight forwarder,"Hughesberg, MN"
andrew.hernandez@linkedin.com,Andrew Hernandez,Press sub,"North Andrea, SC"
suzanne.bennett@linkedin.com,Suzanne Bennett,Architect,"New Thomasfort, WV"
michael.tyler@linkedin.com,Michael Tyler,Environmental consultant,"Melissatown, AR"
michael.price@linkedin.com,Michael Price,Oceanographer,"East Michael, NE"
stephanie.vargas@linkedin.com,Stephanie Vargas,Insurance account manager,"West Jamesborough, LA"
kristin.gardner@linkedin.com,Kristin Gardner,Holiday representative,"Milesmouth, AR"
timothy.allen@linkedin.com,Timothy Allen,Chartered public finance accountant,"Port Michaelborough, MN"
michael.stewart@linkedin.com,Michael Stewart,Pharmacist,"South Tamara, CO"
holly.lee@linkedin.com,Holly Lee,Interpreter,"Nunezville, KY"
kimberly.ortiz@linkedin.com,Kimberly Ortiz,Cytogeneticist,"Washingtonville, MO"
jordan.sanders@linkedin.com,Jordan Sanders,Graphic designer,"North Ernestmouth, CT"
mackenzie.garcia@linkedin.com,Mackenzie Garcia,Educational psychologist,"Schmidthaven, IL"
matthew.johnson@linkedin.com,Matthew Johnson,Ecologist,"Lake Mariafurt, NH"
lisa.bolton@linkedin.com,Lisa Bolton,Structural engineer,"Lake Chelsey, WA"
mary.hutchinson@linkedin.com,Mary Hutchinson,Merchant navy officer,"Leetown, TN"
sue.davis@linkedin.com,Sue Davis,Seismic interpreter,"Port Joshuaberg, NM"
christopher.johnson@linkedin.com,Christopher Johnson,Race relations officer,"Scottborough, MI"
stephanie.mason@linkedin.com,Stephanie Mason,Runner,"Kaitlinborough, IA"
mark.cole@linkedin.com,Mark Cole,Scientist,"Jayburgh, OR"
pamela.reed@linkedin.com,Pamela Reed,Hospital doctor,"North Jamesside, MO"
lindsay.austin@linkedin.com,Lindsay Austin,Production assistant,"South Hannahtown, WY"
mrs..carla.mcclure@linkedin.com,Mrs. Carla Mcclure,Chartered accountant,"Port Jonathan, NC"
laura.munoz@linkedin.com,Laura Munoz,Tourism officer,"Sarahport, AR"
brian.davis@linkedin.com,Brian Davis,Secretary,"East Judith, UT"
michele.meyers@linkedin.com,Michele Meyers,Counsellor,"Laurieshire, WY"
karen.rogers@linkedin.com,Karen Rogers,Product designer,"New Elizabethland, DC"
lisa.parker@linkedin.com,Lisa Parker,Administrator,"East Tina, ME"
walter.henry@linkedin.com,Walter Henry,Scientific laboratory technician,"East Daniel, CO"
william.taylor@linkedin.com,William Taylor,Psychologist,"South Marie, AR"
sharon.walter@linkedin.com,Sharon Walter,Surveyor,"Port Kyle, FL"
jessica.carpenter@linkedin.com,Jessica Carpenter,Aid worker,"Christopherhaven, MI"
robert.fletcher@linkedin.com,Robert Fletcher,Press photographer,"Port Amber, LA"
danielle.moore@linkedin.com,Danielle Moore,Market researcher,"Carloschester, OR"
tyler.rivera@linkedin.com,Tyler Rivera,Therapist,"West Alison, ID"
connie.stevens@linkedin.com,Connie Stevens,Seismic interpreter,"West Jeffreyburgh, NH"
sarah.martinez@linkedin.com,Sarah Martinez,Scientist,"Bartlettborough, NH"
donna.shaw@linkedin.com,Donna Shaw,Seismic interpreter,"Collinsside, SC"
daniel.navarro@linkedin.com,Daniel Navarro,Fisheries officer,"Hannahland, DE"
linda.ray@linkedin.com,Linda Ray,Housing manager/officer,"New Adamfurt, MS"
andrea.skinner@linkedin.com,Andrea Skinner,Production assistant,"Joseburgh, NJ"
sandra.moore@linkedin.com,Sandra Moore,Furniture conservator/restorer,"Jacquelinemouth, NJ"
lauren.jones@linkedin.com,Lauren Jones,Paediatric nurse,"West Juanbury, RI"
jessica.vega@linkedin.com,Jessica Vega,Banker,"Durhamberg, SD"
richard.white@linkedin.com,Richard White,Scientist,"East Kevin, UT"
victor.bell@linkedin.com,Victor Bell,Print production planner,"Powersmouth, IL"
natasha.duke@linkedin.com,Natasha Duke,Event organiser,"Markville, CO"
corey.zavala@linkedin.com,Corey Zavala,Illustrator,"South Willie, NM"
diane.lee@linkedin.com,Diane Lee,Health physicist,"New Donna, MO"
jamie.mccann@linkedin.com,Jamie Mccann,Barrister's clerk,"North Kristen, MI"
michael.holder@linkedin.com,Michael Holder,Passenger transport manager,"Gabrielmouth, DC"
rita.wood@linkedin.com,Rita Wood,Engineer,"Thomastown, DC"
kathryn.kirby@linkedin.com,Kathryn Kirby,Communications engineer,"Lake Carolville, NH"
john.brown@linkedin.com,John Brown,Contracting civil engineer,"Port Danielfort, KS"
jennifer.lawson@linkedin.com,Jennifer Lawson,Brewing technologist,"East Curtis, CT"
david.thomas@linkedin.com,David Thomas,Land,"Alexanderburgh, KS"
james.ellis@linkedin.com,James Ellis,Learning disability nurse,"Lake Toddstad, RI"
meghan.green@linkedin.com,Meghan Green,Film/video editor,"Pattersonchester, NY"
alexandria.alexander@linkedin.com,Alexandria Alexander,Electrical engineer,"Rodriguezville, DE"
keith.jones@linkedin.com,Keith Jones,Surveyor,"Brianville, FL"
sandra.garcia@linkedin.com,Sandra Garcia,Tour manager,"Port Christina, NE"
wanda.olson@linkedin.com,Wanda Olson,Tourist information centre manager,"New Meghan, KS"
nicole.sutton@linkedin.com,Nicole Sutton,Sports coach,"Port Edwin, HI"
sean.wilkins@linkedin.com,Sean Wilkins,Archivist,"Ambermouth, CT"
danielle.mercado@linkedin.com,Danielle Mercado,Financial risk analyst,"Lake Johnhaven, IA"
phillip.baldwin@linkedin.com,Phillip Baldwin,Medical physicist,"Timothyport, MN"
mr..harry.fitzpatrick@linkedin.com,Mr. Harry Fitzpatrick,Engineer,"Bennettshire, MO"
brandy.arnold@linkedin.com,Brandy Arnold,Armed forces logistics/support/administrative officer,"Longshire, IN"
jasmine.lopez@linkedin.com,Jasmine Lopez,Herbalist,"West Micheletown, OR"
andrew.henderson@linkedin.com,Andrew Henderson,Public librarian,"West Nancy, AK"
jeremy.caldwell@linkedin.com,Jeremy Caldwell,Town planner,"New Markfurt, NE"
matthew.reynolds@linkedin.com,Matthew Reynolds,Garment/textile technologist,"South Angela, KY"
erika.anderson@linkedin.com,Erika Anderson,Designer,"Garciashire, CA"
kathleen.warner@linkedin.com,Kathleen Warner,Occupational psychologist,"Brownfurt, NE"
anna.dalton@linkedin.com,Anna Dalton,Teacher,"West Rebekahfurt, NC"
jessica.atkinson@linkedin.com,Jessica Atkinson,Amenity horticulturist,"Hernandezton, TX"
mark.dixon@linkedin.com,Mark Dixon,Barista,"Lake Trevor, WI"
angela.bullock@linkedin.com,Angela Bullock,Ophthalmologist,"Port Ashley, MS"
john.donovan@linkedin.com,John Donovan,Occupational hygienist,"Lisastad, AZ"
paul.moon@linkedin.com,Paul Moon,Engineer,"South Kelly, AL"
jeffrey.boone@linkedin.com,Jeffrey Boone,Chief Executive Officer,"Simmonsfurt, KS"
jacqueline.gordon@linkedin.com,Jacqueline Gordon,Museum/gallery conservator,"Harveyland, NV"
justin.mcbride@linkedin.com,Justin Mcbride,Commercial/residential surveyor,"Millermouth, CO"
donald.mathis@linkedin.com,Donald Mathis,Water quality scientist,"South Paulmouth, RI"
heather.evans@linkedin.com,Heather Evans,Legal secretary,"New Laura, GA"
kathy.lambert@linkedin.com,Kathy Lambert,Consulting civil engineer,"North Shaneshire, SD"
tonya.eaton@linkedin.com,Tonya Eaton,Logistics and distribution manager,"Davidchester, GA"
barry.garcia@linkedin.com,Barry Garcia,Engineer,"New Margaretton, VA"
lisa.hughes@linkedin.com,Lisa Hughes,Nurse,"Elizabethmouth, OR"
lawrence.jones@linkedin.com,Lawrence Jones,Forensic psychologist,"Lake Sallyside, SD"
carol.small@linkedin.com,Carol Small,Primary school teacher,"New James, FL"
jamie.dodson@linkedin.com,Jamie Dodson,Higher education lecturer,"East Brendan, MS"
savannah.rodriguez@linkedin.com,Savannah Rodriguez,Youth worker,"Dianabury, KS"
charles.ray@linkedin.com,Charles Ray,Gaffer,"Hollandberg, WA"
scott.shaw@linkedin.com,Scott Shaw,Astronomer,"East Scottton, NC"
hailey.allen@linkedin.com,Hailey Allen,Computer games developer,"Port Blake, CT"
tyler.pierce@linkedin.com,Tyler Pierce,Wellsite geologist,"Lake Charles, AR"
shaun.harrison@linkedin.com,Shaun Harrison,Microbiologist,"West Laura, SD"
william.adams@linkedin.com,William Adams,Lighting technician,"North Edward, AR"
david.valentine@linkedin.com,David Valentine,Interpreter,"Lake Scott, WV"
patricia.hale@linkedin.com,Patricia Hale,Theatre director,"Lopezburgh, LA"
manuel.daniels@linkedin.com,Manuel Daniels,Hydrographic surveyor,"New Johnburgh, NV"
sara.berry@linkedin.com,Sara Berry,Advertising account executive,"Michelleshire, AZ"
chad.arnold@linkedin.com,Chad Arnold,Multimedia programmer,"Port Clinton, TN"
james.wright@linkedin.com,James Wright,Futures trader,"West Emily, LA"
veronica.thornton@linkedin.com,Veronica Thornton,Occupational psychologist,"Mackenzieton, NJ"
justin.ellison@linkedin.com,Justin Ellison,Agricultural engineer,"West Charleston, NE"
donna.kaiser@linkedin.com,Donna Kaiser,Animal technologist,"New Shannon, WY"
kurt.jackson@linkedin.com,Kurt Jackson,Technical author,"Nancyberg, NH"
debbie.reynolds@linkedin.com,Debbie Reynolds,Product/process development scientist,"Port Tamara, CO"
dennis.miller@linkedin.com,Dennis Miller,Gaffer,"New Eduardoborough, OR"
dr..kristen.webb@linkedin.com,Dr. Kristen Webb,Publishing copy,"West Tracy, IN"
linda.knight@linkedin.com,Linda Knight,Magazine journalist,"Laurastad, WA"
ashley.wilson@linkedin.com,Ashley Wilson,Engineer,"Melissaburgh, PA"
jacob.myers@linkedin.com,Jacob Myers,Psychologist,"Lake Susan, NY"
jason.ellis@linkedin.com,Jason Ellis,Sales professional,"Weaverville, ND"
caroline.hays@linkedin.com,Caroline Hays,Journalist,"South Johnhaven, ME"
thomas.haynes@linkedin.com,Thomas Haynes,Ship broker,"Port Cynthiaside, RI"
rebecca.alvarez@linkedin.com,Rebecca Alvarez,Lexicographer,"Harrisside, RI"
karina.henry@linkedin.com,Karina Henry,Retail manager,"Butlerhaven, ME"
ray.george@linkedin.com,Ray George,Recruitment consultant,"North Bryan, MD"
emily.macias@linkedin.com,Emily Macias,Financial adviser,"New Nathanland, AL"
carolyn.johnson@linkedin.com,Carolyn Johnson,Automotive engineer,"West Angelica, OK"
william.evans@linkedin.com,William Evans,Computer games developer,"Lake Ashleyfurt, IA"
jamie.bartlett@linkedin.com,Jamie Bartlett,Statistician,"East Robert, MA"
amy.fox@linkedin.com,Amy Fox,Production engineer,"West Rebecca, WV"
jeffrey.paul@linkedin.com,Jeffrey Paul,Tree surgeon,"North Johnbury, ID"
scott.knox@linkedin.com,Scott Knox,Event organiser,"Lisaburgh, MD"
adam.scott@linkedin.com,Adam Scott,Financial risk analyst,"Youngtown, WA"
cynthia.roberts@linkedin.com,Cynthia Roberts,Psychotherapist,"New Josephshire, MD"
dennis.strickland@linkedin.com,Dennis Strickland,Nurse,"Daltonview, ND"
paula.warren@linkedin.com,Paula Warren,Publishing copy,"Port Brittneyshire, KY"
jenna.richardson@linkedin.com,Jenna Richardson,Dispensing optician,"Douglasbury, AK"
kenneth.freeman@linkedin.com,Kenneth Freeman,Secretary,"Solistown, MI"
frederick.berry@linkedin.com,Frederick Berry,Buyer,"Rebeccaburgh, NV"
george.knight@linkedin.com,George Knight,Patent examiner,"Carlaside, WA"
stephanie.duffy@linkedin.com,Stephanie Duffy,Engineer,"Joystad, ND"
brooke.tanner@linkedin.com,Brooke Tanner,Public affairs consultant,"Campbelltown, OR"
taylor.anderson@linkedin.com,Taylor Anderson,Advice worker,"Nicholasville, AL"
taylor.graham@linkedin.com,Taylor Graham,Water engineer,"West Danielport, IL"
joe.stevens@linkedin.com,Joe Stevens,Government social research officer,"New Rebecca, OH"
amy.smith@linkedin.com,Amy Smith,Therapist,"North Brent, UT"
justin.morrison@linkedin.com,Justin Morrison,Civil Service fast streamer,"North Duane, AL"
darlene.simpson@linkedin.com,Darlene Simpson,Community arts worker,"South Deborahport, AR"
maria.campbell@linkedin.com,Maria Campbell,Soil scientist,"Romanside, OH"
james.durham@linkedin.com,James Durham,Broadcast presenter,"South Monicaborough, MS"
lindsay.byrd@linkedin.com,Lindsay Byrd,Risk analyst,"East Jenniferville, NY"
paul.booker@linkedin.com,Paul Booker,Advertising art director,"New Brandyfurt, ME"
keith.hamilton@linkedin.com,Keith Hamilton,Media buyer,"Port Michaelberg, NJ"
lawrence.wells@linkedin.com,Lawrence Wells,Tree surgeon,"New Monicaview, MO"
christina.trevino@linkedin.com,Christina Trevino,Magazine journalist,"Davidton, NH"
donna.moore@linkedin.com,Donna Moore,Lighting technician,"Wilsonside, MN"
amy.conway@linkedin.com,Amy Conway,Town planner,"East Phillipport, RI"
nancy.flynn@linkedin.com,Nancy Flynn,Producer,"East Davidburgh, NV"
timothy.brown@linkedin.com,Timothy Brown,Emergency planning/management officer,"Simsside, HI"
cheryl.wilson@linkedin.com,Cheryl Wilson,Scientist,"South Christopherland, MT"
maurice.petty@linkedin.com,Maurice Petty,Recycling officer,"Reynoldsshire, UT"
kevin.carter@linkedin.com,Kevin Carter,Armed forces technical officer,"North Joanna, VT"
micheal.gibson@linkedin.com,Micheal Gibson,Best boy,"East Carolmouth, MI"
thomas.nicholson@linkedin.com,Thomas Nicholson,Charity officer,"New Bonnieside, MD"
jessica.shea.md@linkedin.com,Jessica Shea MD,Armed forces logistics/support/administrative officer,"Lake Maureenview, MT"
jose.sherman@linkedin.com,Jose Sherman,Counsellor,"Salazarland, TN"
miranda.mack@linkedin.com,Miranda Mack,Legal executive,"Robertport, WV"
laura.cooper@linkedin.com,Laura Cooper,Chartered accountant,"Washingtontown, MN"
henry.molina@linkedin.com,Henry Molina,Operational investment banker,"North Kylestad, MN"
lisa.graham@linkedin.com,Lisa Graham,Accountant,"Juanburgh, MI"
jennifer.weaver.md@linkedin.com,Jennifer Weaver MD,Biochemist,"Lake Crystalton, DE"
john.santiago@linkedin.com,John Santiago,Site engineer,"New Stephenton, KS"
michelle.reese@linkedin.com,Michelle Reese,Warden/ranger,"East Justinmouth, CA"
donna.jones@linkedin.com,Donna Jones,Actuary,"Joeland, TN"
alexandra.wade@linkedin.com,Alexandra Wade,Theatre director,"South Traviston, GA"
brian.turner@linkedin.com,Brian Turner,Media planner,"Cindyburgh, CT"
marc.jones@linkedin.com,Marc Jones,Retail manager,"East Christopher, ID"
maria.proctor@linkedin.com,Maria Proctor,Administrator,"Kennethstad, NY"
stephanie.rojas@linkedin.com,Stephanie Rojas,Ship broker,"Tanyaland, MN"
rachel.ramirez@linkedin.com,Rachel Ramirez,Agricultural consultant,"Nielsenhaven, DC"
jonathan.cooley@linkedin.com,Jonathan Cooley,Public affairs consultant,"Mackview, SC"
jeanne.cross@linkedin.com,Jeanne Cross,Product designer,"North Perry, MO"
lauren.berry@linkedin.com,Lauren Berry,Geochemist,"Lake Helenview, OR"
mary.stewart@linkedin.com,Mary Stewart,Toxicologist,"East Matthewborough, SC"
austin.baldwin@linkedin.com,Austin Baldwin,Development worker,"Parkerborough, OH"
carla.bailey@linkedin.com,Carla Bailey,Manufacturing engineer,"Edwardsmouth, WA"
katherine.ballard@linkedin.com,Katherine Ballard,Psychologist,"Jeffreyside, MN"
bryan.williams@linkedin.com,Bryan Williams,Product/process development scientist,"North Sheila, DC"
richard.keller@linkedin.com,Richard Keller,Regulatory affairs officer,"Sarahtown, CT"
donna.meyer@linkedin.com,Donna Meyer,Housing manager/officer,"South Victor, KS"
ryan.walker@linkedin.com,Ryan Walker,Forensic psychologist,"East Dianaview, WI"
tony.steele@linkedin.com,Tony Steele,Technical sales engineer,"Kellymouth, NM"
melissa.hester@linkedin.com,Melissa Hester,IT trainer,"Gallegosstad, NY"
