Email,Name,Department,Location
phillip.peters@microsoft.com,Phillip Peters,Public librarian,"North Mario, TN"
jacqueline.parker@microsoft.com,Jacqueline Parker,Fitness centre manager,"New Peter, OR"
james.taylor@microsoft.com,James Taylor,Psychotherapist,"East Katherine, TX"
aaron.shelton@microsoft.com,Aaron Shelton,Administrator,"Wattsfort, KY"
michael.baxter@microsoft.com,Michael Baxter,Historic buildings inspector/conservation officer,"Scotttown, MS"
amanda.knight@microsoft.com,Amanda Knight,Health and safety inspector,"Phillipsberg, NJ"
riley.turner@microsoft.com,Riley Turner,Field seismologist,"Lake Mariaside, WV"
jody.gonzales@microsoft.com,Jody Gonzales,Sales professional,"Kathrynbury, AK"
brent.gregory@microsoft.com,Brent Gregory,Insurance underwriter,"Chungstad, MA"
jerry.rodriguez@microsoft.com,Jerry Rodriguez,Financial manager,"Jenniferland, ME"
sheila.williams@microsoft.com,Sheila Williams,Surgeon,"Amandamouth, OR"
dawn.baldwin@microsoft.com,Dawn Baldwin,Housing manager/officer,"Jenniferhaven, AR"
cheryl.cox@microsoft.com,Cheryl Cox,Psychologist,"New Chelsey, CT"
elizabeth.merritt@microsoft.com,Elizabeth Merritt,Psychiatric nurse,"South Charlotteberg, WI"
karen.williams@microsoft.com,Karen Williams,Metallurgist,"Francisview, IL"
michele.johnston@microsoft.com,Michele Johnston,Adult guidance worker,"South Benjaminmouth, OK"
david.johnson@microsoft.com,David Johnson,Company secretary,"Jaredberg, FL"
sarah.clark@microsoft.com,Sarah Clark,Sports therapist,"North Rickyhaven, DC"
michael.ford@microsoft.com,Michael Ford,Sports coach,"South William, KY"
madeline.meyers@microsoft.com,Madeline Meyers,Horticulturist,"Lake Jeffrey, WI"
heather.cunningham@microsoft.com,Heather Cunningham,Doctor,"Richardsonfurt, AZ"
michael.gomez@microsoft.com,Michael Gomez,Engineer,"North Jean, RI"
jordan.smith@microsoft.com,Jordan Smith,Jewellery designer,"East Kathleen, ID"
lynn.martinez@microsoft.com,Lynn Martinez,Surveyor,"East Jennifer, SC"
eric.smith@microsoft.com,Eric Smith,Sports administrator,"Chavezland, TN"
todd.ryan@microsoft.com,Todd Ryan,Therapist,"Port Timothy, OH"
casey.davis@microsoft.com,Casey Davis,Hospital doctor,"Port Cristianton, DC"
stephanie.hernandez@microsoft.com,Stephanie Hernandez,Psychiatrist,"South Tiffany, MN"
sheila.rich@microsoft.com,Sheila Rich,Sports administrator,"New Aprilmouth, ME"
jonathan.hall@microsoft.com,Jonathan Hall,Research scientist (maths),"Lake Carlosstad, ID"
ashley.ramirez@microsoft.com,Ashley Ramirez,Industrial/product designer,"Cameronville, VA"
sylvia.rodriguez@microsoft.com,Sylvia Rodriguez,Social research officer,"New Brittany, AZ"
david.lynn@microsoft.com,David Lynn,Licensed conveyancer,"Lake Williamport, DC"
andrea.waters@microsoft.com,Andrea Waters,Clinical scientist,"Jonathantown, KY"
melissa.wade@microsoft.com,Melissa Wade,Equities trader,"Phillipmouth, VA"
linda.wilson@microsoft.com,Linda Wilson,Runner,"North Mariaville, UT"
megan.brown@microsoft.com,Megan Brown,Biochemist,"Lake Jeffrey, KS"
mary.williams@microsoft.com,Mary Williams,Sports development officer,"Angelamouth, DC"
gregory.johnson@microsoft.com,Gregory Johnson,Manufacturing systems engineer,"Port Matthew, ND"
shannon.nelson@microsoft.com,Shannon Nelson,Engineer,"Sierraport, DC"
donna.tate@microsoft.com,Donna Tate,Adult guidance worker,"Port Ronaldfurt, ME"
anthony.herrera@microsoft.com,Anthony Herrera,Presenter,"East Jessicastad, VA"
tracy.romero@microsoft.com,Tracy Romero,Computer games developer,"West Johnberg, NY"
kaylee.ruiz@microsoft.com,Kaylee Ruiz,Financial risk analyst,"Jonesstad, WV"
david.cross.jr.@microsoft.com,David Cross Jr.,Lecturer,"Katherinemouth, GA"
michael.clark@microsoft.com,Michael Clark,Forensic scientist,"West Nataliemouth, KY"
donna.green@microsoft.com,Donna Green,Surveyor,"South Edward, FL"
allen.parks@microsoft.com,Allen Parks,Surveyor,"South Kristin, NJ"
christina.mckay@microsoft.com,Christina Mckay,Horticulturist,"Davidshire, NH"
amanda.diaz@microsoft.com,Amanda Diaz,Engineer,"East Timothybury, FL"
stacy.wilson@microsoft.com,Stacy Wilson,Engineer,"Port David, GA"
angelica.martinez@microsoft.com,Angelica Martinez,Psychiatrist,"Bushfort, AZ"
jessica.boyer@microsoft.com,Jessica Boyer,Product/process development scientist,"Stevenborough, ID"
david.frank@microsoft.com,David Frank,Water engineer,"South Kathrynmouth, RI"
joshua.hinton@microsoft.com,Joshua Hinton,Scientist,"Lake Jamesside, NE"
jeffrey.mack@microsoft.com,Jeffrey Mack,Charity fundraiser,"Lynchtown, CO"
maria.powers@microsoft.com,Maria Powers,Engineer,"Smithchester, OH"
sean.moreno@microsoft.com,Sean Moreno,Camera operator,"South Kyle, MT"
david.lee@microsoft.com,David Lee,Counselling psychologist,"Emilyton, MA"
steven.pitts@microsoft.com,Steven Pitts,Automotive engineer,"Port Cassandraborough, LA"
kevin.austin@microsoft.com,Kevin Austin,Academic librarian,"East Albert, IA"
aaron.taylor@microsoft.com,Aaron Taylor,Museum/gallery exhibitions officer,"Shirleyburgh, IA"
micheal.vargas@microsoft.com,Micheal Vargas,Magazine journalist,"Chelseaport, VT"
ashley.smith@microsoft.com,Ashley Smith,Office manager,"Lake Brianville, UT"
susan.gonzalez@microsoft.com,Susan Gonzalez,Quantity surveyor,"East Timothy, WI"
jeremy.kirk@microsoft.com,Jeremy Kirk,Therapist,"Josephmouth, OR"
brad.simon@microsoft.com,Brad Simon,Buyer,"Donborough, NM"
christopher.marshall@microsoft.com,Christopher Marshall,Call centre manager,"Christineborough, OK"
julie.roberson@microsoft.com,Julie Roberson,Engineer,"North Sierraport, IA"
james.guerra@microsoft.com,James Guerra,Publishing copy,"New Pam, WV"
john.blair.md@microsoft.com,John Blair MD,Press photographer,"West Timothyton, LA"
ryan.miller@microsoft.com,Ryan Miller,Engineer,"New Virginiamouth, WV"
john.williams@microsoft.com,John Williams,Science writer,"New Jeffreyton, AR"
austin.brady@microsoft.com,Austin Brady,Fitness centre manager,"Rickyland, ND"
robert.mitchell@microsoft.com,Robert Mitchell,Theatre director,"New Manuel, KS"
samantha.garcia@microsoft.com,Samantha Garcia,Producer,"East Anthony, OK"
joanna.sanders@microsoft.com,Joanna Sanders,Agricultural consultant,"New Kathy, NY"
steven.cook@microsoft.com,Steven Cook,Newspaper journalist,"Loriton, NH"
grace.anderson@microsoft.com,Grace Anderson,IT technical support officer,"Campbellburgh, GA"
molly.williams@microsoft.com,Molly Williams,Magazine journalist,"New Anthonybury, HI"
sherry.williams@microsoft.com,Sherry Williams,Trade union research officer,"Thomasshire, KS"
jason.castro@microsoft.com,Jason Castro,Psychologist,"North Teresahaven, AK"
rebecca.humphrey@microsoft.com,Rebecca Humphrey,English as a foreign language teacher,"Davidberg, DE"
tammy.gallagher@microsoft.com,Tammy Gallagher,Adult guidance worker,"Matthewfort, DE"
katherine.khan@microsoft.com,Katherine Khan,Applications developer,"Lake Jenniferland, IA"
antonio.bell@microsoft.com,Antonio Bell,General practice doctor,"Suzanneside, NM"
pamela.turner@microsoft.com,Pamela Turner,Archivist,"South Brittany, OR"
kimberly.nguyen@microsoft.com,Kimberly Nguyen,Operational investment banker,"East Patrick, WY"
barry.michael@microsoft.com,Barry Michael,Site engineer,"South Kimchester, KY"
grace.freeman@microsoft.com,Grace Freeman,Microbiologist,"South Tina, MI"
melissa.arnold@microsoft.com,Melissa Arnold,Claims inspector/assessor,"Scottfort, MS"
logan.zimmerman@microsoft.com,Logan Zimmerman,Learning mentor,"Williamsberg, CT"
james.herrera@microsoft.com,James Herrera,Scientist,"Ryanbury, VA"
shane.vaughan@microsoft.com,Shane Vaughan,Chartered management accountant,"Webbland, IA"
renee.fitzgerald@microsoft.com,Renee Fitzgerald,Garment/textile technologist,"Brittneytown, ME"
kyle.zuniga@microsoft.com,Kyle Zuniga,Teacher,"Lake Michaelhaven, GA"
darryl.tucker@microsoft.com,Darryl Tucker,Scientist,"Benjaminmouth, OK"
russell.olsen@microsoft.com,Russell Olsen,Engineer,"Mitchellchester, MT"
jeremy.ball@microsoft.com,Jeremy Ball,Immunologist,"Middletonmouth, DC"
richard.townsend@microsoft.com,Richard Townsend,Emergency planning/management officer,"Chasetown, WI"
christopher.hoover@microsoft.com,Christopher Hoover,Adult nurse,"Jessicaland, NY"
jonathan.green@microsoft.com,Jonathan Green,Armed forces operational officer,"Ortizville, DC"
carolyn.duncan@microsoft.com,Carolyn Duncan,Publishing copy,"Lake Katherine, NY"
jeffrey.gutierrez@microsoft.com,Jeffrey Gutierrez,Solicitor,"Danielberg, CO"
dr..christine.flores@microsoft.com,Dr. Christine Flores,Banker,"Carrieton, MD"
kayla.turner@microsoft.com,Kayla Turner,Surveyor,"North Catherinehaven, VT"
rhonda.barker@microsoft.com,Rhonda Barker,Medical secretary,"West Karenmouth, DC"
brittany.powell@microsoft.com,Brittany Powell,Art gallery manager,"New Wesleytown, NH"
mary.bryan@microsoft.com,Mary Bryan,Medical physicist,"West Daniel, GA"
katrina.martinez@microsoft.com,Katrina Martinez,Community arts worker,"Simmonsburgh, OR"
jaime.harris@microsoft.com,Jaime Harris,Herbalist,"Lake Karen, ME"
christopher.jackson@microsoft.com,Christopher Jackson,Meteorologist,"West Larry, AR"
robert.kent@microsoft.com,Robert Kent,Psychologist,"West Joshuahaven, NJ"
nancy.cowan@microsoft.com,Nancy Cowan,Administrator,"North Johnhaven, MA"
brittany.mcknight@microsoft.com,Brittany Mcknight,Nurse,"East Jamestown, ME"
thomas.hammond@microsoft.com,Thomas Hammond,Accountant,"South Annefurt, CO"
cassandra.ellis@microsoft.com,Cassandra Ellis,Water engineer,"North Nicholas, ME"
todd.bennett@microsoft.com,Todd Bennett,Civil engineer,"Salinasfort, OR"
daniel.ford@microsoft.com,Daniel Ford,Arts development officer,"Ramirezland, MT"
thomas.hale@microsoft.com,Thomas Hale,Pension scheme manager,"New Jamesbury, OH"
eric.garcia@microsoft.com,Eric Garcia,Engineer,"Lake Allisonhaven, MS"
miguel.harris@microsoft.com,Miguel Harris,Conservator,"Lake Sandrachester, KY"
tracy.martinez@microsoft.com,Tracy Martinez,Financial planner,"North Stacy, MT"
stephen.sullivan@microsoft.com,Stephen Sullivan,Control and instrumentation engineer,"East Roberto, AZ"
richard.todd@microsoft.com,Richard Todd,Radiographer,"Burnsshire, MT"
jonathan.hodge@microsoft.com,Jonathan Hodge,Claims inspector/assessor,"Davisfort, NV"
katherine.hicks@microsoft.com,Katherine Hicks,Minerals surveyor,"Kleinton, VT"
brendan.short@microsoft.com,Brendan Short,Chief of Staff,"North Erikview, MN"
cameron.brown.md@microsoft.com,Cameron Brown MD,Health service manager,"Jameston, NE"
michael.garcia@microsoft.com,Michael Garcia,Water engineer,"Hayesmouth, TX"
james.hernandez@microsoft.com,James Hernandez,Manufacturing engineer,"North Bradleyfurt, NC"
timothy.nelson@microsoft.com,Timothy Nelson,Ambulance person,"Lake Kevin, MD"
sarah.diaz@microsoft.com,Sarah Diaz,IT consultant,"Alexandraville, NC"
sarah.gray@microsoft.com,Sarah Gray,Video editor,"Russellburgh, HI"
brian.perkins@microsoft.com,Brian Perkins,Chief Operating Officer,"Petersonchester, DE"
elizabeth.noble@microsoft.com,Elizabeth Noble,Therapist,"Lake Michaelchester, AL"
carly.soto@microsoft.com,Carly Soto,Exercise physiologist,"Jeffreyland, CA"
ryan.cervantes@microsoft.com,Ryan Cervantes,Editor,"South James, KY"
scott.gray@microsoft.com,Scott Gray,Heritage manager,"North Melissahaven, AK"
daniel.howard.dds@microsoft.com,Daniel Howard DDS,Data scientist,"Crawfordfurt, CA"
sherri.may@microsoft.com,Sherri May,Market researcher,"Huntbury, CO"
william.johnson@microsoft.com,William Johnson,Pathologist,"Ramirezton, MS"
john.torres@microsoft.com,John Torres,Surveyor,"North Angela, MO"
mark.carroll@microsoft.com,Mark Carroll,Quantity surveyor,"North Vincent, MT"
kathy.jackson@microsoft.com,Kathy Jackson,Illustrator,"West Kim, NV"
darren.livingston@microsoft.com,Darren Livingston,Mining engineer,"Vanessahaven, AL"
sarah.ayala@microsoft.com,Sarah Ayala,Teacher,"West Nicoleton, MS"
stacey.lambert@microsoft.com,Stacey Lambert,Legal executive,"Lake Alfredhaven, NJ"
kendra.romero@microsoft.com,Kendra Romero,Designer,"Gregoryfort, UT"
danielle.kim@microsoft.com,Danielle Kim,Retail buyer,"Peterburgh, AL"
dr..laura.keller@microsoft.com,Dr. Laura Keller,Land/geomatics surveyor,"North Dana, ND"
christopher.taylor@microsoft.com,Christopher Taylor,Psychologist,"West Ryan, MS"
joe.flores@microsoft.com,Joe Flores,Academic librarian,"Humphreyfurt, WV"
alexis.wheeler@microsoft.com,Alexis Wheeler,Scientist,"Lake Dawn, VA"
john.gallegos@microsoft.com,John Gallegos,Designer,"Palmerville, NM"
robert.fischer@microsoft.com,Robert Fischer,Hydrographic surveyor,"Jeanneview, TX"
patrick.williams@microsoft.com,Patrick Williams,Passenger transport manager,"Lake Kristyton, DC"
kelly.moore@microsoft.com,Kelly Moore,Lecturer,"Port Autumn, AZ"
heather.davis@microsoft.com,Heather Davis,Statistician,"Lake Heather, AZ"
anthony.johnson@microsoft.com,Anthony Johnson,Theatre director,"Taraton, NY"
nicole.robles@microsoft.com,Nicole Robles,Administrator,"Cherryville, MO"
jeffrey.klein@microsoft.com,Jeffrey Klein,Financial risk analyst,"Daisyburgh, ID"
kevin.brown@microsoft.com,Kevin Brown,Speech and language therapist,"South Wendy, IA"
yvette.miranda@microsoft.com,Yvette Miranda,Hospital pharmacist,"Port Dawnburgh, AK"
kenneth.price@microsoft.com,Kenneth Price,Hydrologist,"Annfort, KS"
jason.villanueva@microsoft.com,Jason Villanueva,Records manager,"West Heathertown, VA"
carrie.carson@microsoft.com,Carrie Carson,Logistics and distribution manager,"West Shelbymouth, TN"
jodi.greene@microsoft.com,Jodi Greene,Electrical engineer,"East Patrick, NM"
daniel.harris@microsoft.com,Daniel Harris,Land,"Jamesshire, MN"
justin.turner@microsoft.com,Justin Turner,Engineer,"Port Mark, WI"
kimberly.wright@microsoft.com,Kimberly Wright,Proofreader,"Emilyton, LA"
william.barker.phd@microsoft.com,William Barker PhD,Air broker,"West Jennifer, NY"
kelli.jimenez@microsoft.com,Kelli Jimenez,Psychologist,"Kerrystad, DE"
carolyn.johnson@microsoft.com,Carolyn Johnson,Waste management officer,"Avilaside, RI"
nicole.allen@microsoft.com,Nicole Allen,Learning disability nurse,"Morrowmouth, WI"
eric.lee@microsoft.com,Eric Lee,Conference centre manager,"Ryanfurt, MS"
kristin.smith@microsoft.com,Kristin Smith,Food technologist,"North Douglasmouth, NE"
robert.jones@microsoft.com,Robert Jones,Psychologist,"New Sabrina, OR"
dustin.mack@microsoft.com,Dustin Mack,Medical laboratory scientific officer,"Ortizfurt, AK"
amber.jackson@microsoft.com,Amber Jackson,Make,"East Stephen, SD"
william.mendez@microsoft.com,William Mendez,Designer,"Lake Tonya, MT"
pamela.avila@microsoft.com,Pamela Avila,Comptroller,"Benjaminville, MS"
lauren.mckee@microsoft.com,Lauren Mckee,Nature conservation officer,"East Tinaberg, VA"
william.carter@microsoft.com,William Carter,Artist,"Hoview, TX"
chase.ware@microsoft.com,Chase Ware,Radio producer,"East Michealland, TN"
jorge.mcdonald@microsoft.com,Jorge Mcdonald,Newspaper journalist,"Lake Janetborough, NH"
jessica.small@microsoft.com,Jessica Small,Barrister,"Stephanieburgh, VT"
susan.tucker@microsoft.com,Susan Tucker,Wellsite geologist,"Lake Scottchester, OK"
barbara.gonzalez@microsoft.com,Barbara Gonzalez,Medical laboratory scientific officer,"Jimenezton, VT"
robert.schmitt@microsoft.com,Robert Schmitt,Public affairs consultant,"Porterburgh, MA"
john.stevens@microsoft.com,John Stevens,Designer,"North Kelsey, MO"
tammy.juarez@microsoft.com,Tammy Juarez,Minerals surveyor,"South Daniel, TX"
stephen.smith@microsoft.com,Stephen Smith,Programmer,"North Beckyberg, AZ"
michael.sharp@microsoft.com,Michael Sharp,Writer,"East Amanda, PA"
darren.wallace@microsoft.com,Darren Wallace,Air broker,"Daniellemouth, WV"
roberto.rangel@microsoft.com,Roberto Rangel,Nurse,"South Mariahton, TN"
matthew.rosales@microsoft.com,Matthew Rosales,Advertising account planner,"Adamchester, NM"
adriana.leon@microsoft.com,Adriana Leon,Broadcast engineer,"New Jadetown, TN"
don.allen@microsoft.com,Don Allen,Special educational needs teacher,"Wendyborough, CA"
daniel.avery@microsoft.com,Daniel Avery,Marketing executive,"Jamesmouth, NE"
steven.nolan@microsoft.com,Steven Nolan,Doctor,"New Brian, NJ"
jacqueline.nicholson@microsoft.com,Jacqueline Nicholson,Web designer,"Mitchellstad, WV"
adrian.moore@microsoft.com,Adrian Moore,Engineer,"Lake Kimberly, CT"
jacob.clayton@microsoft.com,Jacob Clayton,Advice worker,"New Melindatown, IL"
alyssa.smith@microsoft.com,Alyssa Smith,Optometrist,"North Cathy, AZ"
casey.adkins@microsoft.com,Casey Adkins,Software engineer,"New Justin, MI"
joseph.maynard@microsoft.com,Joseph Maynard,Engineer,"Lake Tracey, ME"
judy.torres@microsoft.com,Judy Torres,Social worker,"South Heathershire, AL"
yvonne.morrison@microsoft.com,Yvonne Morrison,General practice doctor,"Lake Jeffrey, MN"
brian.johns@microsoft.com,Brian Johns,Photographer,"East Lisaview, NE"
hunter.tran@microsoft.com,Hunter Tran,Journalist,"Kevinberg, MT"
brenda.rodriguez@microsoft.com,Brenda Rodriguez,Fitness centre manager,"Lake Juanberg, NC"
michael.nielsen@microsoft.com,Michael Nielsen,Chief of Staff,"Nancyfort, IL"
mark.bush@microsoft.com,Mark Bush,Equality and diversity officer,"Port Wendyberg, WV"
charles.ware@microsoft.com,Charles Ware,Statistician,"Lake Carrietown, HI"
richard.fischer@microsoft.com,Richard Fischer,Production designer,"Velezbury, ND"
kimberly.davis@microsoft.com,Kimberly Davis,Youth worker,"New Lisa, VA"
melissa.clark@microsoft.com,Melissa Clark,Solicitor,"East Markborough, WI"
jason.warren@microsoft.com,Jason Warren,Psychotherapist,"East Tyler, RI"
gregg.thomas@microsoft.com,Gregg Thomas,Radiographer,"New Michele, OH"
marcus.moreno@microsoft.com,Marcus Moreno,Engineer,"Nguyenton, VA"
zachary.wilson@microsoft.com,Zachary Wilson,Social researcher,"Smithside, AR"
matthew.edwards@microsoft.com,Matthew Edwards,Art gallery manager,"East Brooke, OR"
robert.chapman@microsoft.com,Robert Chapman,Early years teacher,"New Steve, WI"
kim.howell@microsoft.com,Kim Howell,Systems analyst,"Katherinemouth, CT"
susan.johnson@microsoft.com,Susan Johnson,Medical technical officer,"Samanthamouth, OH"
vickie.carpenter@microsoft.com,Vickie Carpenter,Engineer,"Debramouth, MA"
john.austin@microsoft.com,John Austin,Lighting technician,"Michaelfurt, TX"
danielle.brown@microsoft.com,Danielle Brown,Systems analyst,"Moralesmouth, IN"
christina.mccall@microsoft.com,Christina Mccall,Claims inspector/assessor,"Byrdport, AR"
rhonda.patrick@microsoft.com,Rhonda Patrick,Trade mark attorney,"Fletcherland, PA"
anthony.garcia@microsoft.com,Anthony Garcia,Accountant,"South Jefferyshire, NV"
keith.king@microsoft.com,Keith King,Librarian,"Barbershire, KY"
ryan.jimenez@microsoft.com,Ryan Jimenez,Brewing technologist,"Lake Andrea, MN"
william.santos@microsoft.com,William Santos,Scientist,"Port Calebport, ND"
samantha.smith@microsoft.com,Samantha Smith,Orthoptist,"East Lori, NJ"
benjamin.johnson@microsoft.com,Benjamin Johnson,Solicitor,"Rodriguezfort, ID"
pamela.woodward@microsoft.com,Pamela Woodward,Adult guidance worker,"Port Darryl, KY"
jessica.zuniga@microsoft.com,Jessica Zuniga,Biomedical scientist,"Lucasland, ND"
david.robinson@microsoft.com,David Robinson,English as a second language teacher,"East James, AK"
robert.adams@microsoft.com,Robert Adams,Risk manager,"South Adamstad, AR"
aaron.tran@microsoft.com,Aaron Tran,Therapist,"Mariaton, IL"
justin.reed@microsoft.com,Justin Reed,Loss adjuster,"Lake Lorihaven, ND"
alison.tucker@microsoft.com,Alison Tucker,Archaeologist,"South Gabrielshire, AZ"
shelley.wells@microsoft.com,Shelley Wells,Electronics engineer,"Medinaberg, NE"
rachel.bradley@microsoft.com,Rachel Bradley,Ergonomist,"West Elizabeth, NV"
joseph.butler@microsoft.com,Joseph Butler,Producer,"North Alexanderbury, TX"
sarah.simpson@microsoft.com,Sarah Simpson,Airline pilot,"South Wayneburgh, NM"
ashley.jackson@microsoft.com,Ashley Jackson,Financial adviser,"North Dana, MA"
daniel.moreno@microsoft.com,Daniel Moreno,Surveyor,"South Troytown, MN"
elizabeth.hartman@microsoft.com,Elizabeth Hartman,Doctor,"Taylortown, AZ"
jeff.mason@microsoft.com,Jeff Mason,Tax adviser,"Brewerberg, RI"
nicole.russell@microsoft.com,Nicole Russell,Clinical biochemist,"Lake Robinside, IL"
justin.reed@microsoft.com,Justin Reed,Sales promotion account executive,"Haleton, ND"
danielle.larson@microsoft.com,Danielle Larson,Nurse,"Garciaside, RI"
matthew.hicks@microsoft.com,Matthew Hicks,Commercial/residential surveyor,"Wellsbury, HI"
justin.potter@microsoft.com,Justin Potter,Surveyor,"Jenkinsburgh, NE"
brandi.robbins@microsoft.com,Brandi Robbins,Furniture designer,"South Crystalstad, PA"
joseph.reynolds@microsoft.com,Joseph Reynolds,Immunologist,"New Christianland, VT"
anne.lewis@microsoft.com,Anne Lewis,Scientific laboratory technician,"Fieldsside, ME"
christy.garcia@microsoft.com,Christy Garcia,Homeopath,"North Laura, NV"
jason.roberts@microsoft.com,Jason Roberts,Commercial horticulturist,"North Amy, IA"
rebecca.nguyen@microsoft.com,Rebecca Nguyen,Armed forces training and education officer,"Beckberg, MT"
shawn.beck@microsoft.com,Shawn Beck,Clothing/textile technologist,"North Scott, UT"
lisa.barnett@microsoft.com,Lisa Barnett,Personal assistant,"Courtneystad, TN"
timothy.rogers@microsoft.com,Timothy Rogers,Professor Emeritus,"North Michaelside, VT"
ryan.farrell@microsoft.com,Ryan Farrell,Pensions consultant,"Deannashire, WA"
dr..molly.cannon@microsoft.com,Dr. Molly Cannon,Designer,"Robertport, NM"
brandon.hernandez@microsoft.com,Brandon Hernandez,Clinical embryologist,"Stokestown, FL"
david.schmidt@microsoft.com,David Schmidt,Fitness centre manager,"South Laura, MO"
manuel.howell@microsoft.com,Manuel Howell,Dramatherapist,"Port Jeffrey, LA"
shannon.green@microsoft.com,Shannon Green,Wellsite geologist,"Katherinemouth, AZ"
david.morales@microsoft.com,David Morales,Newspaper journalist,"South Anthony, MN"
mr..dennis.smith@microsoft.com,Mr. Dennis Smith,Jewellery designer,"Bettystad, RI"
regina.taylor@microsoft.com,Regina Taylor,Civil engineer,"South Heatherview, IA"
karen.brewer@microsoft.com,Karen Brewer,Human resources officer,"Heathburgh, NV"
mark.lambert@microsoft.com,Mark Lambert,Fine artist,"Karenfurt, CO"
kayla.boyer@microsoft.com,Kayla Boyer,Chartered loss adjuster,"Lake Meghan, OK"
kirsten.miller@microsoft.com,Kirsten Miller,Administrator,"Port Darren, MN"
kristine.sanchez@microsoft.com,Kristine Sanchez,Youth worker,"Port Tim, WA"
steven.johnson@microsoft.com,Steven Johnson,Sports therapist,"Port Robert, MI"
stephanie.boyle@microsoft.com,Stephanie Boyle,Seismic interpreter,"East Martin, MO"
jonathan.hawkins@microsoft.com,Jonathan Hawkins,Estate manager/land agent,"West Emily, SC"
jordan.lee@microsoft.com,Jordan Lee,Research scientist (life sciences),"Loweryberg, NH"
timothy.olson@microsoft.com,Timothy Olson,Armed forces logistics/support/administrative officer,"East Nicholas, CA"
mark.cabrera@microsoft.com,Mark Cabrera,Management consultant,"Johnsonland, MT"
shelby.taylor@microsoft.com,Shelby Taylor,Archivist,"Port Carol, LA"
phillip.mercado@microsoft.com,Phillip Mercado,Physiological scientist,"West Robert, WV"
adam.lucero@microsoft.com,Adam Lucero,Chief of Staff,"Kevinfort, NV"
brittany.li@microsoft.com,Brittany Li,Nutritional therapist,"Katherinehaven, CA"
carolyn.price@microsoft.com,Carolyn Price,Optician,"Johnnytown, PA"
carrie.king@microsoft.com,Carrie King,Social research officer,"Mosesberg, MT"
carolyn.moore@microsoft.com,Carolyn Moore,Estate agent,"Port Laurenburgh, HI"
matthew.barrett@microsoft.com,Matthew Barrett,Adult guidance worker,"Diazmouth, OR"
robert.ramirez@microsoft.com,Robert Ramirez,Programmer,"Port Brianna, NJ"
jimmy.turner@microsoft.com,Jimmy Turner,Lighting technician,"Nguyenfort, NE"
robin.hansen@microsoft.com,Robin Hansen,Engineer,"Hartport, AR"
cheryl.taylor@microsoft.com,Cheryl Taylor,Data scientist,"Blackview, GA"
angela.rice@microsoft.com,Angela Rice,Geologist,"Derrickstad, WA"
jeff.briggs@microsoft.com,Jeff Briggs,Producer,"Laurenfurt, TX"
olivia.martin@microsoft.com,Olivia Martin,Retail banker,"Lake Bradleymouth, AZ"
kathleen.levy@microsoft.com,Kathleen Levy,Barrister,"East Nicholas, MO"
michael.allen@microsoft.com,Michael Allen,Camera operator,"Angelamouth, MN"
danny.robinson@microsoft.com,Danny Robinson,Administrator,"South Rachel, MD"
brittany.mcclure@microsoft.com,Brittany Mcclure,Consulting civil engineer,"Sergioborough, NY"
karina.schultz@microsoft.com,Karina Schultz,Photographer,"North Sherry, AK"
john.freeman@microsoft.com,John Freeman,Designer,"West Christopherton, DE"
kristen.jacobs@microsoft.com,Kristen Jacobs,Television camera operator,"Lake Rebeccamouth, VT"
adrian.singh@microsoft.com,Adrian Singh,Maintenance engineer,"Garciatown, MO"
mary.byrd@microsoft.com,Mary Byrd,Librarian,"Tamaraberg, ID"
kelly.evans@microsoft.com,Kelly Evans,Risk manager,"North Jennifer, HI"
austin.shaw@microsoft.com,Austin Shaw,Copywriter,"West Carlos, IA"
eric.peterson@microsoft.com,Eric Peterson,Television/film/video producer,"Morrisonmouth, CO"
austin.norman.dds@microsoft.com,Austin Norman DDS,Teacher,"Port Marialand, VA"
melissa.mcgee@microsoft.com,Melissa Mcgee,Sport and exercise psychologist,"Mendozamouth, KY"
joseph.goodman@microsoft.com,Joseph Goodman,IT sales professional,"Mooreside, CT"
craig.kennedy@microsoft.com,Craig Kennedy,Neurosurgeon,"Miabury, NM"
jennifer.kane@microsoft.com,Jennifer Kane,Airline pilot,"New Kristin, MD"
nathan.harrison@microsoft.com,Nathan Harrison,Broadcast engineer,"Flemingmouth, KY"
martha.boyd@microsoft.com,Martha Boyd,Sports administrator,"North Samueltown, NM"
jessica.chavez@microsoft.com,Jessica Chavez,Chief Technology Officer,"Sawyershire, SD"
vanessa.dougherty@microsoft.com,Vanessa Dougherty,Scientist,"Piercebury, VT"
gregory.webb@microsoft.com,Gregory Webb,Teaching laboratory technician,"North Jonathanfurt, AR"
sarah.dickerson@microsoft.com,Sarah Dickerson,Risk manager,"West Robert, DE"
richard.herrera@microsoft.com,Richard Herrera,Customer service manager,"Willisborough, IA"
robert.howard@microsoft.com,Robert Howard,Environmental manager,"Janetchester, HI"
ryan.gomez@microsoft.com,Ryan Gomez,Horticulturist,"Ericaside, FL"
leslie.stewart@microsoft.com,Leslie Stewart,Community development worker,"Michaelborough, ND"
jenna.santos@microsoft.com,Jenna Santos,Firefighter,"Janemouth, FL"
wayne.jackson@microsoft.com,Wayne Jackson,Chemist,"Moralesland, NV"
emily.murray@microsoft.com,Emily Murray,Purchasing manager,"Jonesmouth, WA"
ashley.miller@microsoft.com,Ashley Miller,Barrister's clerk,"Saundersberg, AZ"
jennifer.richards@microsoft.com,Jennifer Richards,Outdoor activities/education manager,"West Mark, NC"
andrew.wallace@microsoft.com,Andrew Wallace,Dietitian,"Oconnorview, MT"
andrew.reynolds@microsoft.com,Andrew Reynolds,Research officer,"Martinshire, VT"
scott.meyer@microsoft.com,Scott Meyer,Air cabin crew,"Montgomeryborough, NJ"
melanie.bennett@microsoft.com,Melanie Bennett,Engineer,"Andrewfort, DE"
joseph.leonard@microsoft.com,Joseph Leonard,Jewellery designer,"Barnesland, DC"
stacy.cooper@microsoft.com,Stacy Cooper,Engineer,"Kristinaberg, OK"
dustin.warner@microsoft.com,Dustin Warner,Scientist,"Tinaview, SD"
juan.oliver@microsoft.com,Juan Oliver,Animal technologist,"Flynnfort, NY"
mary.hoffman@microsoft.com,Mary Hoffman,Scientist,"Keithland, WY"
joel.boyd@microsoft.com,Joel Boyd,Engineer,"East Alexandrafurt, VT"
tammy.shepherd@microsoft.com,Tammy Shepherd,Hospital pharmacist,"Samanthafurt, ME"
nancy.hines@microsoft.com,Nancy Hines,IT consultant,"New Julia, AR"
chris.kemp@microsoft.com,Chris Kemp,Estate agent,"Sextonberg, HI"
donald.hill@microsoft.com,Donald Hill,Surveyor,"New Paulview, MA"
sarah.parker@microsoft.com,Sarah Parker,Psychotherapist,"Briantown, PA"
matthew.sanders@microsoft.com,Matthew Sanders,Adult nurse,"Port Phyllisfort, AR"
lauren.anderson@microsoft.com,Lauren Anderson,Dancer,"New Joseside, NH"
ann.brown@microsoft.com,Ann Brown,Mudlogger,"Port Jonathonmouth, NC"
christopher.peterson@microsoft.com,Christopher Peterson,Engineer,"Beanstad, NJ"
susan.horne@microsoft.com,Susan Horne,Publishing rights manager,"Langchester, SC"
austin.johnson@microsoft.com,Austin Johnson,Planning and development surveyor,"Goldenville, KS"
stephen.johnson@microsoft.com,Stephen Johnson,Energy engineer,"Angelaside, CT"
nicole.serrano@microsoft.com,Nicole Serrano,Graphic designer,"Vargasberg, WA"
eric.taylor@microsoft.com,Eric Taylor,Human resources officer,"East Sharon, NJ"
mr..steven.johnson.phd@microsoft.com,Mr. Steven Johnson PhD,Cartographer,"Stevenside, AL"
jeffrey.moore@microsoft.com,Jeffrey Moore,Designer,"Ruthstad, NE"
richard.williams@microsoft.com,Richard Williams,Designer,"Melissaton, NH"
danielle.garcia@microsoft.com,Danielle Garcia,Learning mentor,"Heatherborough, WV"
devin.kim@microsoft.com,Devin Kim,Building services engineer,"Lake Sarah, WV"
glen.mcdonald@microsoft.com,Glen Mcdonald,Curator,"Lake Michaelberg, OR"
jennifer.erickson@microsoft.com,Jennifer Erickson,Management consultant,"Barrerastad, DE"
lance.lambert@microsoft.com,Lance Lambert,Sales professional,"South Sharonton, WA"
kristina.ross@microsoft.com,Kristina Ross,Medical sales representative,"North Robertfort, VA"
jane.mayo@microsoft.com,Jane Mayo,Engineer,"South Paula, OR"
maria.shaw@microsoft.com,Maria Shaw,Conference centre manager,"East Joseph, IL"
felicia.flores@microsoft.com,Felicia Flores,Glass blower/designer,"Kleinmouth, RI"
dakota.carroll@microsoft.com,Dakota Carroll,Glass blower/designer,"Moraleschester, RI"
jason.lawrence@microsoft.com,Jason Lawrence,Chartered legal executive (England and Wales),"Reeseton, WI"
janet.morrow@microsoft.com,Janet Morrow,Medical technical officer,"Evanschester, IL"
anna.case@microsoft.com,Anna Case,Sales professional,"North Shawnmouth, KS"
bob.lee@microsoft.com,Bob Lee,Designer,"North Jessicaview, TX"
benjamin.pena@microsoft.com,Benjamin Pena,Operational investment banker,"Lake David, ND"
allison.bradshaw@microsoft.com,Allison Bradshaw,Science writer,"Port Patricia, CT"
morgan.jordan@microsoft.com,Morgan Jordan,Administrator,"Stricklandville, KY"
robert.miller@microsoft.com,Robert Miller,Public affairs consultant,"Amandabury, GA"
brian.richardson@microsoft.com,Brian Richardson,Lexicographer,"Scottview, NM"
nathan.jones@microsoft.com,Nathan Jones,Surveyor,"South Hannah, AR"
amy.garrison@microsoft.com,Amy Garrison,Hospital doctor,"Stevensberg, DE"
michael.everett@microsoft.com,Michael Everett,Psychotherapist,"Mindymouth, AR"
carlos.lee@microsoft.com,Carlos Lee,Passenger transport manager,"Scottshire, WA"
scott.bell@microsoft.com,Scott Bell,Clinical embryologist,"South Dorothy, MO"
tyler.harris@microsoft.com,Tyler Harris,Engineer,"Schultztown, AZ"
erica.conway@microsoft.com,Erica Conway,Financial manager,"Taylorberg, AZ"
denise.mills@microsoft.com,Denise Mills,Geographical information systems officer,"East Alexandra, WA"
gina.ramirez@microsoft.com,Gina Ramirez,Engineer,"West Jonathanmouth, PA"
jason.frye@microsoft.com,Jason Frye,Naval architect,"Ashleystad, VA"
ronald.hull@microsoft.com,Ronald Hull,Ceramics designer,"North Patricia, MO"
christopher.johnson@microsoft.com,Christopher Johnson,Manufacturing engineer,"South Joshuabury, AL"
jennifer.carter@microsoft.com,Jennifer Carter,Public relations officer,"Ericton, OR"
holly.martin@microsoft.com,Holly Martin,Graphic designer,"East Joshuatown, MS"
ronald.mendoza@microsoft.com,Ronald Mendoza,Environmental manager,"Port Alejandroburgh, ME"
justin.allen@microsoft.com,Justin Allen,International aid/development worker,"Natalieland, FL"
matthew.lynch@microsoft.com,Matthew Lynch,Interpreter,"North Kristen, SC"
tyler.casey@microsoft.com,Tyler Casey,Engineer,"North Brandon, RI"
patricia.hurley@microsoft.com,Patricia Hurley,Manufacturing engineer,"South Samantha, VA"
nicholas.martinez@microsoft.com,Nicholas Martinez,Medical technical officer,"Andreachester, TN"
jessica.diaz@microsoft.com,Jessica Diaz,Aeronautical engineer,"Kellyview, NY"
rachael.french@microsoft.com,Rachael French,Systems developer,"Austinfort, MS"
mike.thompson@microsoft.com,Mike Thompson,Drilling engineer,"South Todd, MS"
emily.dudley@microsoft.com,Emily Dudley,Learning disability nurse,"Georgefort, NV"
cory.richardson@microsoft.com,Cory Richardson,Public affairs consultant,"Williamside, LA"
elizabeth.long@microsoft.com,Elizabeth Long,Homeopath,"East Tyrone, TX"
judith.gordon@microsoft.com,Judith Gordon,Accountant,"Jillhaven, WV"
lawrence.olson@microsoft.com,Lawrence Olson,Retail buyer,"North Travisberg, ME"
heather.herrera@microsoft.com,Heather Herrera,Osteopath,"Fernandezshire, PA"
amanda.nelson@microsoft.com,Amanda Nelson,Research scientist (physical sciences),"Port Crystalmouth, AL"
kaitlyn.clay@microsoft.com,Kaitlyn Clay,Software engineer,"North Cory, DC"
amanda.perry@microsoft.com,Amanda Perry,Soil scientist,"Lanehaven, GA"
mitchell.white@microsoft.com,Mitchell White,Investment analyst,"Shawnshire, RI"
joseph.rodriguez@microsoft.com,Joseph Rodriguez,Secretary/administrator,"Jasminbury, PA"
katherine.navarro@microsoft.com,Katherine Navarro,Clinical biochemist,"Robertsport, UT"
susan.beck@microsoft.com,Susan Beck,Exercise physiologist,"Rodriguezton, NV"
stephen.hughes@microsoft.com,Stephen Hughes,Teacher,"Lake Nicoleshire, IN"
samuel.barrett@microsoft.com,Samuel Barrett,Buyer,"Lake Tylerton, KY"
claudia.fowler@microsoft.com,Claudia Fowler,Administrator,"Lake Johnside, TX"
joseph.horn@microsoft.com,Joseph Horn,International aid/development worker,"Kariburgh, AR"
derek.carter@microsoft.com,Derek Carter,Outdoor activities/education manager,"East Brandonberg, ID"
dawn.shannon@microsoft.com,Dawn Shannon,Farm manager,"Nicholsfurt, UT"
kevin.adkins@microsoft.com,Kevin Adkins,Therapist,"Lake Johnchester, WA"
stephanie.garcia@microsoft.com,Stephanie Garcia,Purchasing manager,"Margaretmouth, TX"
monica.anderson@microsoft.com,Monica Anderson,Television/film/video producer,"Tracyview, SC"
susan.lam@microsoft.com,Susan Lam,Therapist,"Denisechester, SD"
sara.humphrey@microsoft.com,Sara Humphrey,Teaching laboratory technician,"Smithhaven, NV"
timothy.castaneda@microsoft.com,Timothy Castaneda,Information officer,"Davisstad, VT"
mrs..elizabeth.jones.md@microsoft.com,Mrs. Elizabeth Jones MD,Clinical molecular geneticist,"Jennifermouth, WY"
charles.tran@microsoft.com,Charles Tran,Emergency planning/management officer,"West Johnberg, VT"
stephen.hawkins@microsoft.com,Stephen Hawkins,Optometrist,"Woodsburgh, TN"
david.olson@microsoft.com,David Olson,Water quality scientist,"Port Valerie, NV"
patrick.walker@microsoft.com,Patrick Walker,Physiological scientist,"South Christopher, ME"
matthew.davis@microsoft.com,Matthew Davis,Music tutor,"East Chadchester, KY"
john.pittman@microsoft.com,John Pittman,Designer,"Port Rickystad, OK"
richard.barber@microsoft.com,Richard Barber,Legal executive,"Ericaville, DE"
jennifer.newman@microsoft.com,Jennifer Newman,Cabin crew,"Christietown, DC"
ariel.snyder.md@microsoft.com,Ariel Snyder MD,Horticulturist,"Tiffanymouth, HI"
jeremy.wallace@microsoft.com,Jeremy Wallace,Education officer,"Jamieport, NJ"
shawn.kelly@microsoft.com,Shawn Kelly,Media buyer,"South Thomasmouth, CA"
kim.gross@microsoft.com,Kim Gross,Surveyor,"Lake Davidstad, KS"
annette.barron@microsoft.com,Annette Barron,Runner,"Curtischester, SC"
christopher.harmon@microsoft.com,Christopher Harmon,Economist,"Westton, NC"
travis.gilmore@microsoft.com,Travis Gilmore,Senior tax professional/tax inspector,"East Jeff, AZ"
emily.hester@microsoft.com,Emily Hester,Careers information officer,"Douglaston, SD"
roy.lozano@microsoft.com,Roy Lozano,Arboriculturist,"Port Lisa, IL"
elijah.greer@microsoft.com,Elijah Greer,Production designer,"Port Samantha, CT"
candice.weaver@microsoft.com,Candice Weaver,Academic librarian,"Nicolehaven, CO"
brian.moss@microsoft.com,Brian Moss,Field seismologist,"Lake Nataliefort, OH"
barbara.wells@microsoft.com,Barbara Wells,Medical technical officer,"Jamesside, RI"
kathleen.james@microsoft.com,Kathleen James,Lawyer,"New Melanie, NE"
haley.waller@microsoft.com,Haley Waller,Set designer,"West Glen, PA"
jonathan.gross@microsoft.com,Jonathan Gross,Marketing executive,"Port Thomas, MD"
heidi.smith@microsoft.com,Heidi Smith,Biomedical engineer,"Nataliefurt, NH"
dustin.jones@microsoft.com,Dustin Jones,Museum education officer,"Krauseview, KY"
melinda.strickland@microsoft.com,Melinda Strickland,Clinical molecular geneticist,"Atkinsland, OH"
kara.burke@microsoft.com,Kara Burke,Advertising copywriter,"Victorialand, MI"
vickie.martinez@microsoft.com,Vickie Martinez,Fast food restaurant manager,"West Jillchester, SD"
melanie.martinez@microsoft.com,Melanie Martinez,Sport and exercise psychologist,"Jenniferton, TN"
anthony.levine@microsoft.com,Anthony Levine,Conservator,"Sarahhaven, AL"
christopher.martinez@microsoft.com,Christopher Martinez,Art gallery manager,"Port Andreafort, GA"
james.moore@microsoft.com,James Moore,Rural practice surveyor,"Port Jose, RI"
oscar.koch@microsoft.com,Oscar Koch,Commercial/residential surveyor,"East Amandatown, NM"
austin.warren@microsoft.com,Austin Warren,Advertising copywriter,"Port Frank, CA"
sandra.washington@microsoft.com,Sandra Washington,Advertising copywriter,"Frederickfort, KY"
thomas.mclaughlin@microsoft.com,Thomas Mclaughlin,Radiographer,"Mirandafurt, NE"
melissa.conley@microsoft.com,Melissa Conley,Clinical scientist,"Kaitlynton, KY"
mary.miller@microsoft.com,Mary Miller,Minerals surveyor,"Kennethtown, NM"
tanya.young@microsoft.com,Tanya Young,Higher education careers adviser,"West Catherine, MD"
steven.martinez@microsoft.com,Steven Martinez,Engineer,"East Pamela, KS"
paige.collier@microsoft.com,Paige Collier,Systems analyst,"Jillianport, UT"
matthew.anderson@microsoft.com,Matthew Anderson,Special educational needs teacher,"Mikeberg, VT"
terri.harris@microsoft.com,Terri Harris,Amenity horticulturist,"New Jenniferport, NV"
william.warren@microsoft.com,William Warren,Retail banker,"North Ryanborough, HI"
nathan.lucas@microsoft.com,Nathan Lucas,Energy manager,"West Barry, HI"
stephanie.murray@microsoft.com,Stephanie Murray,Restaurant manager,"New Alisonside, NY"
lisa.baker@microsoft.com,Lisa Baker,Public librarian,"Lake Bryanbury, TX"
meghan.aguirre@microsoft.com,Meghan Aguirre,Automotive engineer,"Olsenfort, SC"
jennifer.jackson@microsoft.com,Jennifer Jackson,Veterinary surgeon,"New Jaychester, WA"
kara.alvarez@microsoft.com,Kara Alvarez,Operations geologist,"New Williamton, TX"
brandon.guzman@microsoft.com,Brandon Guzman,Media planner,"West Aaron, ID"
mark.clark@microsoft.com,Mark Clark,Trade union research officer,"North Kennethside, MS"
timothy.howe@microsoft.com,Timothy Howe,IT trainer,"Acostamouth, MA"
francisco.reilly@microsoft.com,Francisco Reilly,Dramatherapist,"Thompsonland, AZ"
christine.ramos@microsoft.com,Christine Ramos,Diagnostic radiographer,"Port Nicolechester, NV"
cameron.cobb@microsoft.com,Cameron Cobb,Copywriter,"West Samuel, FL"
michelle.roman@microsoft.com,Michelle Roman,Surveyor,"Hernandezland, MA"
renee.chambers@microsoft.com,Renee Chambers,Chiropractor,"Petersontown, CA"
tammy.lopez@microsoft.com,Tammy Lopez,Pensions consultant,"Lisamouth, RI"
april.coleman@microsoft.com,April Coleman,English as a foreign language teacher,"Johnview, MN"
jimmy.todd@microsoft.com,Jimmy Todd,Theatre manager,"North Kimberly, AL"
mrs..christine.goodwin@microsoft.com,Mrs. Christine Goodwin,Radiation protection practitioner,"North Mary, IA"
kristina.brock@microsoft.com,Kristina Brock,Haematologist,"Oliviaberg, ND"
ashley.williamson@microsoft.com,Ashley Williamson,Theatre director,"Palmerberg, CO"
maria.nguyen@microsoft.com,Maria Nguyen,Museum/gallery conservator,"Courtneyview, GA"
gail.white@microsoft.com,Gail White,Psychiatrist,"North Christopher, TN"
christina.davis@microsoft.com,Christina Davis,Homeopath,"West Susan, DE"
edward.barry@microsoft.com,Edward Barry,Higher education lecturer,"Lake Bryan, RI"
kelli.ray@microsoft.com,Kelli Ray,Therapeutic radiographer,"Johnborough, DC"
stephanie.ruiz@microsoft.com,Stephanie Ruiz,Aeronautical engineer,"Lake Reginaldfurt, NM"
alexander.silva@microsoft.com,Alexander Silva,Programme researcher,"Lake Jason, OR"
sarah.thomas@microsoft.com,Sarah Thomas,Technical sales engineer,"East Thomas, MN"
steve.hawkins@microsoft.com,Steve Hawkins,Engineer,"Deanland, FL"
mary.sandoval@microsoft.com,Mary Sandoval,Therapeutic radiographer,"Sarahview, GA"
debra.mcdonald@microsoft.com,Debra Mcdonald,Toxicologist,"Olsenchester, TN"
jacob.lee@microsoft.com,Jacob Lee,Immigration officer,"New Laura, AK"
anthony.dorsey@microsoft.com,Anthony Dorsey,Research scientist (life sciences),"Lake Anna, WA"
christopher.drake@microsoft.com,Christopher Drake,Personal assistant,"West Aaronton, AR"
jonathan.hampton@microsoft.com,Jonathan Hampton,Editor,"Lake Andreamouth, KY"
jeffrey.scott@microsoft.com,Jeffrey Scott,Exhibition designer,"Manuelburgh, ID"
roger.williams@microsoft.com,Roger Williams,Merchant navy officer,"Lauraborough, CT"
shannon.hays@microsoft.com,Shannon Hays,Haematologist,"Camposland, NJ"
abigail.rangel@microsoft.com,Abigail Rangel,Sports therapist,"South Robertafurt, MN"
christopher.cooper@microsoft.com,Christopher Cooper,Immunologist,"Joeland, UT"
kenneth.rosales@microsoft.com,Kenneth Rosales,Banker,"Davidton, MA"
joseph.nguyen@microsoft.com,Joseph Nguyen,Scientist,"Christophertown, AZ"
michael.cook@microsoft.com,Michael Cook,Therapist,"Henrystad, MA"
sharon.kelly@microsoft.com,Sharon Kelly,Retail banker,"Pooleberg, MD"
alexander.schwartz@microsoft.com,Alexander Schwartz,Clinical scientist,"Ryanfurt, CT"
tammy.johnson@microsoft.com,Tammy Johnson,Production assistant,"New Joshua, DC"
david.gallagher@microsoft.com,David Gallagher,Software engineer,"Ricardotown, TX"
angela.wolfe@microsoft.com,Angela Wolfe,Chief Marketing Officer,"Danielborough, MT"
pamela.castro@microsoft.com,Pamela Castro,Best boy,"Rayton, WV"
marcus.martin@microsoft.com,Marcus Martin,Associate Professor,"North Matthew, WA"
ashley.hill@microsoft.com,Ashley Hill,Astronomer,"Riveraborough, IN"
mrs..sonya.olson@microsoft.com,Mrs. Sonya Olson,Ship broker,"Mitchellview, ME"
danielle.clark@microsoft.com,Danielle Clark,Illustrator,"East Charles, AZ"
katie.thompson@microsoft.com,Katie Thompson,Chartered public finance accountant,"Pennyside, IL"
christina.moore@microsoft.com,Christina Moore,Counsellor,"Port Steven, PA"
kevin.johnson.dvm@microsoft.com,Kevin Johnson DVM,Adult nurse,"Shannonshire, OH"
michael.allen@microsoft.com,Michael Allen,Product/process development scientist,"Kempchester, MI"
evan.mccarthy@microsoft.com,Evan Mccarthy,Teaching laboratory technician,"Lake Patricia, NC"
james.bowman@microsoft.com,James Bowman,Prison officer,"Hancockchester, MN"
stephanie.williams@microsoft.com,Stephanie Williams,Theatre director,"Gardnerfort, IN"
renee.rodriguez@microsoft.com,Renee Rodriguez,Analytical chemist,"North Mary, TX"
jose.smith@microsoft.com,Jose Smith,Social research officer,"Lake Cheyenne, HI"
richard.arnold@microsoft.com,Richard Arnold,Administrator,"Alexaville, IL"
lisa.holloway@microsoft.com,Lisa Holloway,Estate manager/land agent,"South Jorge, AK"
darren.wilson.dds@microsoft.com,Darren Wilson DDS,Lobbyist,"West Michelleside, HI"
selena.bailey@microsoft.com,Selena Bailey,Clinical psychologist,"Joannehaven, NM"
james.noble@microsoft.com,James Noble,Pensions consultant,"South Curtisview, IA"
willie.cooper@microsoft.com,Willie Cooper,Chief Financial Officer,"Port Michael, NM"
alyssa.taylor@microsoft.com,Alyssa Taylor,Therapist,"Lake Christophershire, WV"
claire.patel@microsoft.com,Claire Patel,Barista,"South Jerome, MI"
mckenzie.franklin@microsoft.com,Mckenzie Franklin,Chiropractor,"Raymondchester, OK"
andrew.kirk@microsoft.com,Andrew Kirk,Advertising art director,"Lake Anthonyville, NH"
patricia.watson@microsoft.com,Patricia Watson,Biomedical scientist,"New Kellymouth, CT"
robert.gates@microsoft.com,Robert Gates,Psychotherapist,"East Jeremyland, VA"
yvonne.maxwell@microsoft.com,Yvonne Maxwell,Sports coach,"North Robert, DC"
amy.bush@microsoft.com,Amy Bush,Engineer,"New Jessica, ID"
chad.york@microsoft.com,Chad York,Health service manager,"Lewisport, MT"
steven.davis@microsoft.com,Steven Davis,Music tutor,"Lake Michael, SC"
chelsea.taylor@microsoft.com,Chelsea Taylor,Academic librarian,"Davisside, KS"
brandon.wilkerson@microsoft.com,Brandon Wilkerson,Field trials officer,"Kristinaside, MI"
francisco.johnson@microsoft.com,Francisco Johnson,Waste management officer,"East Michael, SD"
allison.mcpherson@microsoft.com,Allison Mcpherson,Radio producer,"East Alexaville, DC"
cheryl.black@microsoft.com,Cheryl Black,Conservation officer,"Williamsshire, MN"
amber.ruiz@microsoft.com,Amber Ruiz,Development worker,"Alecland, VA"
james.freeman@microsoft.com,James Freeman,Civil engineer,"Lake Janethaven, HI"
misty.jones@microsoft.com,Misty Jones,Accountant,"Greerland, KS"
angela.davis@microsoft.com,Angela Davis,Historic buildings inspector/conservation officer,"Larsontown, MD"
jacqueline.proctor@microsoft.com,Jacqueline Proctor,Hotel manager,"Brandyside, SD"
mrs..amanda.mcclure@microsoft.com,Mrs. Amanda Mcclure,Learning mentor,"New Angelamouth, KY"
charles.russell@microsoft.com,Charles Russell,Surveyor,"Jaybury, IL"
hailey.taylor@microsoft.com,Hailey Taylor,Accountant,"Port James, MS"
cindy.day@microsoft.com,Cindy Day,Information systems manager,"Lake Daniel, IN"
tara.conley.dds@microsoft.com,Tara Conley DDS,Camera operator,"East Wendy, OH"
veronica.keith@microsoft.com,Veronica Keith,Surveyor,"Margaretborough, WV"
jared.ortega@microsoft.com,Jared Ortega,Magazine journalist,"South Robert, HI"
justin.mack@microsoft.com,Justin Mack,Intelligence analyst,"Port Ryan, WY"
michael.ferguson@microsoft.com,Michael Ferguson,Pathologist,"Cainfurt, OR"
sean.esparza@microsoft.com,Sean Esparza,Advertising copywriter,"Montoyaside, ND"
frederick.curtis@microsoft.com,Frederick Curtis,Software engineer,"North Kevin, VT"
jeffrey.romero@microsoft.com,Jeffrey Romero,Commercial art gallery manager,"North Kellieville, IL"
faith.hunt@microsoft.com,Faith Hunt,Estate agent,"Kellyberg, VA"
tyrone.murphy@microsoft.com,Tyrone Murphy,Science writer,"Laurenhaven, KY"
monica.davila@microsoft.com,Monica Davila,Horticulturist,"Russellborough, HI"
arthur.davis@microsoft.com,Arthur Davis,Tree surgeon,"West Brian, SC"
jason.kline@microsoft.com,Jason Kline,Environmental health practitioner,"Mcintoshton, LA"
daniel.hooper@microsoft.com,Daniel Hooper,Education officer,"Port Thomasburgh, NJ"
carl.madden@microsoft.com,Carl Madden,Education officer,"South Jenniferton, DC"
amanda.wilkerson@microsoft.com,Amanda Wilkerson,Counsellor,"Lake Alexburgh, NE"
kristie.brennan@microsoft.com,Kristie Brennan,Toxicologist,"Port Jamiestad, OR"
alexander.martin@microsoft.com,Alexander Martin,Estate manager/land agent,"Matthewbury, SC"
walter.swanson@microsoft.com,Walter Swanson,Chief Financial Officer,"Jonesland, DE"
tracy.steele@microsoft.com,Tracy Steele,Optometrist,"North Bethanyview, NV"
dr..erin.walker.md@microsoft.com,Dr. Erin Walker MD,Engineer,"Jamesville, IN"
amanda.hansen@microsoft.com,Amanda Hansen,Amenity horticulturist,"Sherryview, SD"
jason.burton@microsoft.com,Jason Burton,Proofreader,"East Tyler, CA"
cesar.gray@microsoft.com,Cesar Gray,Volunteer coordinator,"Frankshire, RI"
jose.gregory@microsoft.com,Jose Gregory,Logistics and distribution manager,"South Jenniferside, CT"
mark.brown@microsoft.com,Mark Brown,Toxicologist,"Cartermouth, CA"
wesley.bates@microsoft.com,Wesley Bates,Civil engineer,"Davenporttown, RI"
martin.jacobs@microsoft.com,Martin Jacobs,Financial planner,"New Haleyberg, WI"
scott.ortiz@microsoft.com,Scott Ortiz,Commissioning editor,"North Carlosland, UT"
shane.jones@microsoft.com,Shane Jones,Set designer,"Matthewchester, OR"
jacqueline.huynh@microsoft.com,Jacqueline Huynh,Armed forces operational officer,"North Stephanie, AR"
karen.harris@microsoft.com,Karen Harris,Environmental education officer,"North Michaelshire, MT"
mark.johnson.dds@microsoft.com,Mark Johnson DDS,IT trainer,"West Vincentfurt, WA"
anne.james@microsoft.com,Anne James,Amenity horticulturist,"East Jamesland, RI"
nicole.cannon@microsoft.com,Nicole Cannon,Drilling engineer,"Lake Sandra, DC"
scott.sullivan.dds@microsoft.com,Scott Sullivan DDS,Fish farm manager,"South Jill, UT"
alison.cruz@microsoft.com,Alison Cruz,Patent attorney,"Thompsonside, WV"
michael.gonzalez@microsoft.com,Michael Gonzalez,Therapist,"Chambersburgh, TX"
thomas.moore@microsoft.com,Thomas Moore,Ophthalmologist,"Lake Isabella, NH"
martin.jones@microsoft.com,Martin Jones,Music tutor,"South Brianstad, HI"
thomas.rollins@microsoft.com,Thomas Rollins,Interpreter,"Robertaville, TN"
amanda.gomez@microsoft.com,Amanda Gomez,Manufacturing engineer,"Greenhaven, OK"
sarah.wright@microsoft.com,Sarah Wright,Therapeutic radiographer,"Lake Catherineland, TX"
jennifer.burke@microsoft.com,Jennifer Burke,Insurance account manager,"Bergberg, OK"
james.collier@microsoft.com,James Collier,Control and instrumentation engineer,"Jenkinsburgh, SD"
howard.collins@microsoft.com,Howard Collins,Armed forces training and education officer,"North Jessicaland, WA"
heather.diaz@microsoft.com,Heather Diaz,Engineer,"West Andrewland, CO"
amy.edwards@microsoft.com,Amy Edwards,Publishing rights manager,"South Joseph, MO"
savannah.rodriguez@microsoft.com,Savannah Rodriguez,Probation officer,"Lake Rachelland, VT"
angela.davis@microsoft.com,Angela Davis,Farm manager,"West Gina, AK"
catherine.ellis@microsoft.com,Catherine Ellis,Surveyor,"Lisaland, MN"
shannon.miranda@microsoft.com,Shannon Miranda,Video editor,"Johnport, NC"
cynthia.moon@microsoft.com,Cynthia Moon,Buyer,"Huertafurt, FL"
jennifer.liu@microsoft.com,Jennifer Liu,Optician,"Ryantown, ND"
devin.copeland@microsoft.com,Devin Copeland,Camera operator,"East Davidville, KS"
carla.garrett@microsoft.com,Carla Garrett,Medical sales representative,"Lake Cynthiatown, WA"
madison.dyer@microsoft.com,Madison Dyer,Public relations officer,"North Karen, WV"
garrett.duncan@microsoft.com,Garrett Duncan,Chief Technology Officer,"Sherifurt, ID"
todd.white@microsoft.com,Todd White,Air cabin crew,"East Davidfurt, NE"
dorothy.james@microsoft.com,Dorothy James,Systems developer,"Matthewland, SD"
harold.silva@microsoft.com,Harold Silva,Translator,"Joycestad, OR"
juan.montoya@microsoft.com,Juan Montoya,Occupational psychologist,"South Amystad, NV"
benjamin.kelly@microsoft.com,Benjamin Kelly,Administrator,"Sharishire, OR"
morgan.jefferson@microsoft.com,Morgan Jefferson,Retail buyer,"West Luke, VA"
lisa.norton.md@microsoft.com,Lisa Norton MD,Marketing executive,"Roberttown, AK"
cheyenne.montgomery@microsoft.com,Cheyenne Montgomery,Data processing manager,"Jenkinsmouth, AZ"
mackenzie.martinez@microsoft.com,Mackenzie Martinez,Doctor,"Natalieburgh, NV"
tina.price@microsoft.com,Tina Price,Systems analyst,"Paulside, WV"
joanna.gregory@microsoft.com,Joanna Gregory,Field seismologist,"South Pamelaside, HI"
kaitlin.graves@microsoft.com,Kaitlin Graves,Probation officer,"New Russellton, AZ"
tina.morton@microsoft.com,Tina Morton,Energy manager,"Melvinview, AR"
glenda.christian@microsoft.com,Glenda Christian,Midwife,"Kevinshire, TN"
julia.may.md@microsoft.com,Julia May MD,Photographer,"South Margaretville, MA"
kelly.hendrix@microsoft.com,Kelly Hendrix,Community arts worker,"West Craigton, IN"
jose.hawkins@microsoft.com,Jose Hawkins,Dance movement psychotherapist,"North Benjaminville, CT"
isaac.duffy@microsoft.com,Isaac Duffy,Engineer,"Hollybury, WV"
james.shaffer@microsoft.com,James Shaffer,Ophthalmologist,"Lake Benjamin, IN"
zoe.jacobs@microsoft.com,Zoe Jacobs,Paediatric nurse,"Hermanmouth, TN"
john.baker@microsoft.com,John Baker,Armed forces logistics/support/administrative officer,"New Reginaborough, MT"
omar.stephens@microsoft.com,Omar Stephens,Chartered legal executive (England and Wales),"Murphyview, AK"
joseph.garcia@microsoft.com,Joseph Garcia,Operations geologist,"South Jessicachester, KS"
dana.valencia@microsoft.com,Dana Valencia,Commercial art gallery manager,"Collinshaven, AL"
melissa.king@microsoft.com,Melissa King,Chief Technology Officer,"Frostmouth, DC"
matthew.marshall@microsoft.com,Matthew Marshall,Archivist,"Clarkside, SD"
nicole.bush@microsoft.com,Nicole Bush,Historic buildings inspector/conservation officer,"Tammyland, MA"
andrew.parker@microsoft.com,Andrew Parker,Orthoptist,"Solisville, VT"
dennis.cole.md@microsoft.com,Dennis Cole MD,Trade union research officer,"East Elizabethside, OR"
joshua.lopez@microsoft.com,Joshua Lopez,Environmental manager,"East Sara, WA"
joseph.estrada@microsoft.com,Joseph Estrada,Trading standards officer,"Leonardberg, TX"
jeffrey.nolan@microsoft.com,Jeffrey Nolan,Magazine features editor,"South Tashahaven, NM"
cory.williams@microsoft.com,Cory Williams,Arts administrator,"Smithmouth, UT"
amber.martinez@microsoft.com,Amber Martinez,Academic librarian,"East Scottmouth, NE"
lauren.ruiz@microsoft.com,Lauren Ruiz,Lecturer,"North Andrew, OH"
samantha.stewart@microsoft.com,Samantha Stewart,Pharmacist,"North Bailey, CA"
amanda.robinson@microsoft.com,Amanda Robinson,Recycling officer,"East Rachelhaven, IA"
adam.cooley@microsoft.com,Adam Cooley,Call centre manager,"East Daniellebury, IN"
joshua.johnston@microsoft.com,Joshua Johnston,Actor,"Jenniferburgh, NJ"
gabrielle.williams@microsoft.com,Gabrielle Williams,Network engineer,"Lake Crystal, ME"
tara.johnson@microsoft.com,Tara Johnson,Pharmacist,"South Virginia, PA"
rebecca.cruz@microsoft.com,Rebecca Cruz,Forest/woodland manager,"West Scottberg, IA"
laura.neal@microsoft.com,Laura Neal,Food technologist,"Emilyside, IL"
david.harvey@microsoft.com,David Harvey,Product/process development scientist,"West Karlatown, SC"
daryl.ho@microsoft.com,Daryl Ho,Barrister,"East Christopherstad, MN"
scott.calderon@microsoft.com,Scott Calderon,Financial controller,"Monroebury, ID"
brent.briggs@microsoft.com,Brent Briggs,Editor,"Robinfort, NH"
devon.morgan@microsoft.com,Devon Morgan,Administrator,"New Loritown, IA"
michelle.young@microsoft.com,Michelle Young,Museum/gallery exhibitions officer,"Lake Christinaland, PA"
jessica.johnson@microsoft.com,Jessica Johnson,Race relations officer,"Vasquezbury, HI"
gordon.krueger@microsoft.com,Gordon Krueger,Analytical chemist,"Alvarezmouth, NY"
lynn.gibbs@microsoft.com,Lynn Gibbs,Pilot,"Lake Christianchester, UT"
gary.castro@microsoft.com,Gary Castro,Insurance account manager,"East Brandi, AL"
roger.davis@microsoft.com,Roger Davis,Clothing/textile technologist,"Gabrielberg, KS"
sheila.cortez@microsoft.com,Sheila Cortez,Computer games developer,"Melissamouth, CA"
ellen.walker@microsoft.com,Ellen Walker,Corporate investment banker,"Wrightborough, MN"
dominique.fowler@microsoft.com,Dominique Fowler,Pharmacist,"New Tyler, WA"
crystal.walker@microsoft.com,Crystal Walker,Information officer,"Port Micheal, SD"
destiny.carlson@microsoft.com,Destiny Carlson,Dentist,"Watsontown, OK"
daniel.rogers@microsoft.com,Daniel Rogers,Psychologist,"Port Mary, SD"
patrick.peters@microsoft.com,Patrick Peters,Chief Executive Officer,"Williamborough, VA"
george.saunders@microsoft.com,George Saunders,Therapist,"Mooretown, DC"
curtis.kim@microsoft.com,Curtis Kim,Estate manager/land agent,"Anneberg, IN"
timothy.thomas@microsoft.com,Timothy Thomas,Scientist,"Valerieberg, LA"
craig.walker@microsoft.com,Craig Walker,Chemical engineer,"Port Ambertown, ME"
renee.price@microsoft.com,Renee Price,Paramedic,"East Beth, DC"
mark.flores@microsoft.com,Mark Flores,Environmental education officer,"Mendezland, MN"
christine.aguilar@microsoft.com,Christine Aguilar,Dance movement psychotherapist,"South Tammyborough, AZ"
joshua.robertson@microsoft.com,Joshua Robertson,Psychotherapist,"Denisefurt, VT"
melissa.pratt@microsoft.com,Melissa Pratt,Legal secretary,"Jenniferburgh, ME"
timothy.jenkins@microsoft.com,Timothy Jenkins,Copywriter,"Nealbury, MN"
eric.carpenter@microsoft.com,Eric Carpenter,Energy manager,"Robinville, MN"
jackson.jennings@microsoft.com,Jackson Jennings,Mining engineer,"Port Crystalfurt, DC"
christopher.daniels@microsoft.com,Christopher Daniels,Herbalist,"East Angelastad, AZ"
robert.nguyen@microsoft.com,Robert Nguyen,Engineer,"North Darrenchester, SC"
keith.mitchell@microsoft.com,Keith Mitchell,Systems analyst,"North Gene, FL"
melissa.gamble@microsoft.com,Melissa Gamble,Call centre manager,"North Vickie, IL"
katrina.barnes@microsoft.com,Katrina Barnes,Landscape architect,"Angelashire, SC"
michael.patel@microsoft.com,Michael Patel,Psychologist,"Port Jacqueline, CT"
john.fitzgerald@microsoft.com,John Fitzgerald,Exhibitions officer,"Andreaberg, KY"
andrew.alexander@microsoft.com,Andrew Alexander,Surgeon,"Mitchellberg, TX"
derrick.woods@microsoft.com,Derrick Woods,Chief Strategy Officer,"Port Julie, WA"
tiffany.lucero@microsoft.com,Tiffany Lucero,Health and safety inspector,"Lake Michelestad, IA"
lauren.thompson@microsoft.com,Lauren Thompson,Accountant,"North Scott, SC"
pamela.morgan.dvm@microsoft.com,Pamela Morgan DVM,Nutritional therapist,"Baileyville, NH"
tonya.meyer@microsoft.com,Tonya Meyer,Teacher,"South Jill, MD"
krista.perry@microsoft.com,Krista Perry,Education officer,"Hermanland, CA"
adriana.west@microsoft.com,Adriana West,Petroleum engineer,"Perezfort, RI"
savannah.aguirre@microsoft.com,Savannah Aguirre,Music therapist,"Danielberg, ID"
andrew.kramer@microsoft.com,Andrew Kramer,Company secretary,"New Dianaside, IL"
christopher.patterson@microsoft.com,Christopher Patterson,Exhibition designer,"Lake Georgeville, KY"
todd.adams@microsoft.com,Todd Adams,Administrator,"Joseberg, AZ"
daniel.allen@microsoft.com,Daniel Allen,Psychologist,"North Tiffanyport, NJ"
devin.rogers@microsoft.com,Devin Rogers,Farm manager,"Carlosmouth, IN"
jason.thomas@microsoft.com,Jason Thomas,Physiotherapist,"Hillville, GA"
scott.mills@microsoft.com,Scott Mills,Pathologist,"Nguyenshire, NM"
allen.patrick@microsoft.com,Allen Patrick,Drilling engineer,"West Juanton, NC"
matthew.diaz@microsoft.com,Matthew Diaz,Academic librarian,"East Kenneth, IL"
andrew.mcbride@microsoft.com,Andrew Mcbride,Neurosurgeon,"East Ruben, WI"
joseph.murray@microsoft.com,Joseph Murray,Engineer,"New Tammyshire, DE"
penny.valencia@microsoft.com,Penny Valencia,Dietitian,"West Jose, NV"
david.moore@microsoft.com,David Moore,Armed forces logistics/support/administrative officer,"Carlamouth, NM"
jason.mills@microsoft.com,Jason Mills,Tourist information centre manager,"Josephview, MS"
john.weaver@microsoft.com,John Weaver,Psychologist,"South Jason, FL"
jennifer.taylor@microsoft.com,Jennifer Taylor,Research scientist (maths),"Powelltown, DE"
debbie.hernandez@microsoft.com,Debbie Hernandez,Television/film/video producer,"East Briannachester, HI"
russell.rogers@microsoft.com,Russell Rogers,Scientist,"New Toddville, NM"
christine.sellers@microsoft.com,Christine Sellers,Pilot,"Angelaborough, KS"
david.campbell@microsoft.com,David Campbell,Chartered legal executive (England and Wales),"Cookberg, AK"
kaitlyn.howard@microsoft.com,Kaitlyn Howard,Politician's assistant,"East Amandaborough, AL"
krystal.rogers@microsoft.com,Krystal Rogers,Education officer,"Thompsonberg, IA"
sharon.francis@microsoft.com,Sharon Francis,Advertising account executive,"Brownshire, TN"
ryan.johnson@microsoft.com,Ryan Johnson,Public house manager,"Port Jameshaven, TN"
steven.avila@microsoft.com,Steven Avila,Buyer,"Youngville, GA"
john.smith@microsoft.com,John Smith,Animal nutritionist,"Jenkinsburgh, WI"
robert.griffith@microsoft.com,Robert Griffith,Engineer,"Fosterberg, AZ"
curtis.anderson@microsoft.com,Curtis Anderson,Scientist,"South Tina, IN"
kari.lozano@microsoft.com,Kari Lozano,Travel agency manager,"Caitlinborough, MA"
hannah.arellano@microsoft.com,Hannah Arellano,Tree surgeon,"North Williamton, VT"
sonya.lambert@microsoft.com,Sonya Lambert,Fast food restaurant manager,"Baileystad, MN"
maria.dixon@microsoft.com,Maria Dixon,English as a foreign language teacher,"East Toddbury, AZ"
jennifer.fields@microsoft.com,Jennifer Fields,Dealer,"Douglasville, MN"
anthony.marquez@microsoft.com,Anthony Marquez,Accountant,"East Aliciaview, NC"
jacob.gross@microsoft.com,Jacob Gross,Counsellor,"Farleyland, WV"
christopher.smith@microsoft.com,Christopher Smith,Museum/gallery curator,"Greenberg, MO"
stacy.blackburn@microsoft.com,Stacy Blackburn,Engineer,"Reneeview, WY"
christina.vazquez@microsoft.com,Christina Vazquez,Herbalist,"New David, IN"
lisa.reynolds@microsoft.com,Lisa Reynolds,Chief Technology Officer,"Paulaville, AL"
kathy.cole.md@microsoft.com,Kathy Cole MD,Human resources officer,"Danastad, HI"
jenna.anderson@microsoft.com,Jenna Anderson,Archaeologist,"Salazarfort, KY"
mr..matthew.thomas.md@microsoft.com,Mr. Matthew Thomas MD,Operational researcher,"Bairdside, DE"
julie.ruiz@microsoft.com,Julie Ruiz,Engineer,"Timothybury, NH"
jessica.cannon@microsoft.com,Jessica Cannon,Mental health nurse,"Timothybury, NM"
randall.decker@microsoft.com,Randall Decker,Cabin crew,"Cherylport, SC"
catherine.crawford@microsoft.com,Catherine Crawford,Conservation officer,"North Randallfurt, CA"
jessica.harrell@microsoft.com,Jessica Harrell,Engineer,"East Jonfurt, MA"
michael.lewis@microsoft.com,Michael Lewis,Graphic designer,"Howardmouth, KS"
katelyn.berg@microsoft.com,Katelyn Berg,Engineer,"New Jeremiahmouth, IN"
adam.wilson@microsoft.com,Adam Wilson,Commercial/residential surveyor,"Brownburgh, WV"
jordan.johnson@microsoft.com,Jordan Johnson,Set designer,"Christinaville, RI"
karen.martin@microsoft.com,Karen Martin,Engineer,"Emilyview, IN"
troy.thompson@microsoft.com,Troy Thompson,Nurse,"New Kim, UT"
katherine.vega@microsoft.com,Katherine Vega,Human resources officer,"South Katie, ME"
dr..kayla.ortega.md@microsoft.com,Dr. Kayla Ortega MD,Seismic interpreter,"Michelleville, AR"
whitney.shields@microsoft.com,Whitney Shields,Radio producer,"Kristinshire, HI"
sonya.roberts@microsoft.com,Sonya Roberts,Estate agent,"Port Sarah, IL"
dustin.crosby@microsoft.com,Dustin Crosby,Civil Service administrator,"East Jacqueline, NY"
christina.barnett@microsoft.com,Christina Barnett,Ecologist,"Leeton, KY"
shawn.garza@microsoft.com,Shawn Garza,Public relations account executive,"Barbaraside, MD"
robert.williams@microsoft.com,Robert Williams,Trading standards officer,"Lake Justinfurt, HI"
dominique.brown@microsoft.com,Dominique Brown,Product/process development scientist,"Hernandezland, NC"
erik.martinez@microsoft.com,Erik Martinez,Investment analyst,"Juliefort, SC"
michael.juarez@microsoft.com,Michael Juarez,Glass blower/designer,"East Jeremyton, DC"
hayley.henry@microsoft.com,Hayley Henry,Trading standards officer,"Ericchester, NV"
thomas.morrison@microsoft.com,Thomas Morrison,Leisure centre manager,"Port Frankshire, HI"
jonathan.lopez@microsoft.com,Jonathan Lopez,Toxicologist,"Jasonchester, CA"
aaron.gomez@microsoft.com,Aaron Gomez,Radio producer,"Lake Christina, KS"
monica.cobb@microsoft.com,Monica Cobb,Training and development officer,"New Christopher, KS"
jessica.phillips@microsoft.com,Jessica Phillips,Engineer,"Christopherport, SD"
lacey.rowland@microsoft.com,Lacey Rowland,Horticulturist,"Brownberg, OK"
lindsey.peterson.dds@microsoft.com,Lindsey Peterson DDS,Horticulturist,"West Jonathanport, OR"
samantha.parker@microsoft.com,Samantha Parker,General practice doctor,"South Jamiestad, ME"
arthur.webster@microsoft.com,Arthur Webster,Engineer,"Nicoleburgh, MN"
ronald.gibson@microsoft.com,Ronald Gibson,Nurse,"Acostaland, AK"
george.soto@microsoft.com,George Soto,Senior tax professional/tax inspector,"Mariaside, IN"
brad.palmer@microsoft.com,Brad Palmer,Optometrist,"South Jasmineview, WY"
alicia.martinez@microsoft.com,Alicia Martinez,TEFL teacher,"West Heatherberg, CA"
christopher.martin@microsoft.com,Christopher Martin,Agricultural consultant,"Kellerfort, AK"
jonathan.sweeney@microsoft.com,Jonathan Sweeney,Accountant,"Ricefurt, LA"
daniel.kim@microsoft.com,Daniel Kim,Visual merchandiser,"Patrickland, AL"
tamara.santiago@microsoft.com,Tamara Santiago,Sports administrator,"Paulport, WY"
laura.arias@microsoft.com,Laura Arias,Conservation officer,"Lake Edward, DC"
larry.austin@microsoft.com,Larry Austin,Site engineer,"New Katrina, NE"
philip.martin@microsoft.com,Philip Martin,Wellsite geologist,"Jasonland, ID"
peter.richard@microsoft.com,Peter Richard,Sales executive,"Tyronemouth, WV"
lisa.middleton@microsoft.com,Lisa Middleton,Dietitian,"South Caitlin, MS"
lisa.mcgee@microsoft.com,Lisa Mcgee,Education officer,"Stevenport, MS"
joshua.williams@microsoft.com,Joshua Williams,Chief Financial Officer,"North Cheyenne, GA"
todd.torres@microsoft.com,Todd Torres,Legal secretary,"Lopezstad, RI"
james.schneider@microsoft.com,James Schneider,Engineer,"West Kristen, DC"
amanda.hale@microsoft.com,Amanda Hale,Race relations officer,"Brookeborough, DE"
christine.howell@microsoft.com,Christine Howell,Dentist,"Lake Sarahview, ID"
tyler.zhang@microsoft.com,Tyler Zhang,Scientist,"Gallagherbury, WV"
shawn.clark@microsoft.com,Shawn Clark,Waste management officer,"South Rodney, NV"
samuel.berg@microsoft.com,Samuel Berg,Learning mentor,"Andrewsport, NY"
john.price@microsoft.com,John Price,Mechanical engineer,"Port Jamesbury, UT"
vincent.robbins@microsoft.com,Vincent Robbins,Environmental education officer,"Mariahbury, MO"
jennifer.miller@microsoft.com,Jennifer Miller,Diagnostic radiographer,"Christopherberg, IN"
teresa.cox@microsoft.com,Teresa Cox,Teacher,"Johnsonville, WV"
ann.torres@microsoft.com,Ann Torres,Scientist,"Whiteberg, NE"
darren.martin@microsoft.com,Darren Martin,General practice doctor,"Jessicabury, RI"
michael.soto@microsoft.com,Michael Soto,Company secretary,"West David, MA"
hailey.black@microsoft.com,Hailey Black,Toxicologist,"East Laura, FL"
denise.roach@microsoft.com,Denise Roach,Chief Operating Officer,"South Dennisfurt, HI"
melissa.perez@microsoft.com,Melissa Perez,Designer,"New Bryan, MT"
sean.wallace@microsoft.com,Sean Wallace,Youth worker,"Port Sandra, IL"
vincent.rivera@microsoft.com,Vincent Rivera,Mudlogger,"New Paulland, IA"
duane.martin@microsoft.com,Duane Martin,Associate Professor,"New Michelle, WA"
michael.adams@microsoft.com,Michael Adams,Museum/gallery exhibitions officer,"Shermanland, PA"
luke.kramer@microsoft.com,Luke Kramer,Engineer,"South Natashaport, MN"
paul.dalton@microsoft.com,Paul Dalton,Broadcast engineer,"Kristinaport, TX"
alexis.gilmore@microsoft.com,Alexis Gilmore,Engineer,"North Danielleborough, WA"
julian.drake@microsoft.com,Julian Drake,Chiropractor,"Christinastad, MA"
kelly.robinson@microsoft.com,Kelly Robinson,Research officer,"Hendersonview, RI"
julie.harper@microsoft.com,Julie Harper,Lecturer,"Briannachester, SC"
linda.allen@microsoft.com,Linda Allen,Logistics and distribution manager,"Wongton, WV"
kathryn.hayes@microsoft.com,Kathryn Hayes,Market researcher,"Jamesmouth, PA"
tommy.hancock@microsoft.com,Tommy Hancock,Surveyor,"South Christopher, IN"
anthony.scott@microsoft.com,Anthony Scott,Investment banker,"Port Brookefort, OK"
alec.ortiz@microsoft.com,Alec Ortiz,Engineer,"Jasonfurt, NM"
jillian.garrett@microsoft.com,Jillian Garrett,Production engineer,"North Markport, IA"
austin.gonzalez@microsoft.com,Austin Gonzalez,Conservation officer,"Clarkstad, ND"
richard.villa@microsoft.com,Richard Villa,Control and instrumentation engineer,"Christinebury, NE"
danielle.sparks@microsoft.com,Danielle Sparks,Geographical information systems officer,"East Tyrone, NH"
monique.hoffman@microsoft.com,Monique Hoffman,Journalist,"East Katrinaland, OR"
william.carpenter@microsoft.com,William Carpenter,Magazine features editor,"Sandersview, PA"
thomas.frank@microsoft.com,Thomas Frank,Ceramics designer,"New Paul, KS"
mary.rodriguez@microsoft.com,Mary Rodriguez,Television production assistant,"Avilaton, FL"
veronica.munoz@microsoft.com,Veronica Munoz,Media buyer,"Kristinfort, SC"
emma.robertson@microsoft.com,Emma Robertson,Ambulance person,"Robertsfurt, HI"
michael.hardy@microsoft.com,Michael Hardy,Financial manager,"Maciasville, AR"
timothy.chan@microsoft.com,Timothy Chan,Merchant navy officer,"Ashleyview, SD"
eric.perez@microsoft.com,Eric Perez,Occupational therapist,"Lewismouth, OR"
tamara.wilson@microsoft.com,Tamara Wilson,Immunologist,"Joneshaven, LA"
walter.scott@microsoft.com,Walter Scott,Scientific laboratory technician,"New Mistyhaven, NM"
stephen.johnson@microsoft.com,Stephen Johnson,Administrator,"Hillshire, MN"
donna.murphy@microsoft.com,Donna Murphy,Seismic interpreter,"Petermouth, WY"
keith.parker@microsoft.com,Keith Parker,Bonds trader,"Erinberg, MT"
laura.jones@microsoft.com,Laura Jones,Neurosurgeon,"North Nathan, NH"
william.clark@microsoft.com,William Clark,Database administrator,"North Julie, IA"
dave.miller@microsoft.com,Dave Miller,Scientist,"Christinetown, MD"
robin.anderson@microsoft.com,Robin Anderson,Insurance account manager,"Robertchester, MO"
nicholas.mathews@microsoft.com,Nicholas Mathews,Orthoptist,"South Jessica, VT"
jason.sanders@microsoft.com,Jason Sanders,Engineer,"Lake Michaelmouth, CO"
michael.welch@microsoft.com,Michael Welch,Psychotherapist,"Holtmouth, AR"
mallory.johnson@microsoft.com,Mallory Johnson,Advertising account planner,"South Vanessaburgh, KS"
colin.mckinney@microsoft.com,Colin Mckinney,Engineer,"Pamelastad, WA"
russell.owens@microsoft.com,Russell Owens,Facilities manager,"North Davidtown, CA"
brandon.brown@microsoft.com,Brandon Brown,Camera operator,"North Barbarafort, FL"
brian.daniels@microsoft.com,Brian Daniels,Chartered management accountant,"East Lynnshire, ND"
stephanie.garcia@microsoft.com,Stephanie Garcia,Tourism officer,"Laurenberg, CA"
teresa.webb@microsoft.com,Teresa Webb,Geophysicist/field seismologist,"Timothytown, MI"
william.daniels@microsoft.com,William Daniels,Industrial/product designer,"Port Danielle, MI"
edward.taylor@microsoft.com,Edward Taylor,Chief Executive Officer,"South Amy, MA"
harold.bender@microsoft.com,Harold Bender,Race relations officer,"Davidbury, MD"
debra.lopez@microsoft.com,Debra Lopez,Set designer,"West Anita, NM"
nathan.cohen@microsoft.com,Nathan Cohen,Science writer,"Teresaburgh, FL"
dana.moran@microsoft.com,Dana Moran,Toxicologist,"South Paulshire, MD"
bobby.campbell@microsoft.com,Bobby Campbell,Merchant navy officer,"New Destinyville, NH"
alexander.nguyen@microsoft.com,Alexander Nguyen,Engineer,"Calderonburgh, NM"
joshua.wilson@microsoft.com,Joshua Wilson,Higher education lecturer,"Richardshire, HI"
tara.jones@microsoft.com,Tara Jones,Special effects artist,"South Antoniobury, MN"
ronald.swanson@microsoft.com,Ronald Swanson,Engineer,"Timothyfort, MI"
mr..seth.wood@microsoft.com,Mr. Seth Wood,Diagnostic radiographer,"Millerland, NM"
anthony.ho@microsoft.com,Anthony Ho,Clinical biochemist,"Adamview, VT"
carrie.rivera@microsoft.com,Carrie Rivera,Hospital pharmacist,"Larsonview, NH"
sara.donovan@microsoft.com,Sara Donovan,Building services engineer,"West Douglas, AK"
gregg.oneal@microsoft.com,Gregg Oneal,Publishing copy,"Turnerfurt, DE"
andrew.dean@microsoft.com,Andrew Dean,Trading standards officer,"South Angela, NE"
charles.pittman@microsoft.com,Charles Pittman,Legal secretary,"New Rebeccaland, CT"
dennis.marquez.jr.@microsoft.com,Dennis Marquez Jr.,Geologist,"South Tammy, CT"
amy.sherman@microsoft.com,Amy Sherman,Arts development officer,"West Mary, SC"
angel.gomez@microsoft.com,Angel Gomez,Musician,"East Stephanie, OH"
bruce.medina@microsoft.com,Bruce Medina,Teacher,"Joyfurt, AR"
monica.fuller@microsoft.com,Monica Fuller,Estate manager/land agent,"Jillshire, NM"
eric.shea@microsoft.com,Eric Shea,Financial controller,"West Richard, MT"
brett.rios@microsoft.com,Brett Rios,Biomedical scientist,"Scottfurt, IL"
jessica.diaz@microsoft.com,Jessica Diaz,Water quality scientist,"Brandontown, DE"
mariah.hall@microsoft.com,Mariah Hall,Banker,"New Olivia, TN"
mark.king@microsoft.com,Mark King,Bookseller,"Chapmanburgh, AK"
shelia.guzman@microsoft.com,Shelia Guzman,Banker,"New Jesse, FL"
connie.golden@microsoft.com,Connie Golden,Estate agent,"North Mary, NM"
kayla.schmidt@microsoft.com,Kayla Schmidt,IT technical support officer,"Garciaborough, KS"
sara.collins@microsoft.com,Sara Collins,Occupational psychologist,"Taraberg, TX"
jonathan.robbins@microsoft.com,Jonathan Robbins,Haematologist,"West Kevin, DE"
russell.martinez@microsoft.com,Russell Martinez,Designer,"Prattport, RI"
karen.williams@microsoft.com,Karen Williams,Air traffic controller,"Larrystad, OH"
jacqueline.hill@microsoft.com,Jacqueline Hill,Television/film/video producer,"Melanieborough, RI"
ricardo.lynch@microsoft.com,Ricardo Lynch,Surveyor,"Lake Steveport, TX"
nicole.bullock@microsoft.com,Nicole Bullock,Clothing/textile technologist,"Dawnport, AK"
anthony.welch@microsoft.com,Anthony Welch,Engineer,"Cunninghamhaven, HI"
amy.woods@microsoft.com,Amy Woods,Tree surgeon,"Sarahport, IN"
brittany.burke@microsoft.com,Brittany Burke,International aid/development worker,"West Robertchester, FL"
christina.garcia@microsoft.com,Christina Garcia,Dietitian,"South Teresaport, TX"
mary.gibson@microsoft.com,Mary Gibson,Barrister's clerk,"New Christopher, AR"
christine.campbell@microsoft.com,Christine Campbell,Site engineer,"Stevefort, MS"
mikayla.thomas@microsoft.com,Mikayla Thomas,Immigration officer,"New Jaime, NJ"
angela.munoz@microsoft.com,Angela Munoz,Call centre manager,"East Stacey, AZ"
charles.walton@microsoft.com,Charles Walton,Administrator,"Port Rubenmouth, MN"
stephen.ramirez@microsoft.com,Stephen Ramirez,Systems analyst,"South Lindsay, TN"
nicholas.foster@microsoft.com,Nicholas Foster,Public relations officer,"Hebertfurt, WY"
christine.payne@microsoft.com,Christine Payne,Interior and spatial designer,"Port Katherinefort, ND"
austin.shah@microsoft.com,Austin Shah,Microbiologist,"Martinezview, VT"
william.lynch@microsoft.com,William Lynch,Applications developer,"Port Morganport, PA"
erica.frazier@microsoft.com,Erica Frazier,Arts administrator,"Port Williammouth, RI"
anthony.strickland@microsoft.com,Anthony Strickland,Magazine journalist,"Johnland, KS"
bryan.mitchell@microsoft.com,Bryan Mitchell,Secretary/administrator,"Jacobsborough, LA"
kelli.edwards@microsoft.com,Kelli Edwards,Engineer,"South Sara, CA"
paul.solis@microsoft.com,Paul Solis,Technical author,"North James, CO"
frank.matthews@microsoft.com,Frank Matthews,Chief Marketing Officer,"West Collin, UT"
shelby.keith@microsoft.com,Shelby Keith,Therapist,"Hendersonberg, IL"
tammy.pearson@microsoft.com,Tammy Pearson,Restaurant manager,"Gomezmouth, MN"
scott.andrews@microsoft.com,Scott Andrews,Designer,"New Sandramouth, AZ"
margaret.perez@microsoft.com,Margaret Perez,Ophthalmologist,"East Makayla, NC"
robin.daniels@microsoft.com,Robin Daniels,Production designer,"Johnsonton, MN"
heather.rodriguez@microsoft.com,Heather Rodriguez,Social worker,"North Curtis, NM"
lisa.mckenzie@microsoft.com,Lisa Mckenzie,Maintenance engineer,"Port Rebeccamouth, CO"
joshua.hunter@microsoft.com,Joshua Hunter,Scientist,"Jasonburgh, MD"
bruce.wright@microsoft.com,Bruce Wright,Financial manager,"Fosterbury, AZ"
elizabeth.king@microsoft.com,Elizabeth King,Community education officer,"South Brookebury, AZ"
anita.gibson@microsoft.com,Anita Gibson,Adult nurse,"Jillton, AL"
amy.smith@microsoft.com,Amy Smith,Therapeutic radiographer,"Port Guyborough, AR"
justin.smith@microsoft.com,Justin Smith,Cartographer,"Jamesstad, MD"
jeffrey.escobar@microsoft.com,Jeffrey Escobar,Barrister,"Phillipsview, AL"
jonathan.martinez@microsoft.com,Jonathan Martinez,Hospital pharmacist,"Lake Johnmouth, DC"
rebecca.diaz@microsoft.com,Rebecca Diaz,Psychologist,"Baileyview, NJ"
alicia.patel.dds@microsoft.com,Alicia Patel DDS,Editor,"Manningview, DC"
william.young@microsoft.com,William Young,Statistician,"New Spencerland, MO"
mary.alexander@microsoft.com,Mary Alexander,Education administrator,"East James, KS"
melissa.smith@microsoft.com,Melissa Smith,Emergency planning/management officer,"New Rachel, VT"
robert.lewis@microsoft.com,Robert Lewis,Conservator,"Port Charlesstad, FL"
dr..morgan.greene@microsoft.com,Dr. Morgan Greene,Pensions consultant,"West Selena, WV"
gloria.anderson@microsoft.com,Gloria Anderson,Air cabin crew,"East Randy, NC"
luis.cox@microsoft.com,Luis Cox,Video editor,"East Christopherfort, MI"
travis.king@microsoft.com,Travis King,Sports development officer,"Philipborough, FL"
mark.camacho@microsoft.com,Mark Camacho,Research officer,"Averystad, DE"
michael.beck@microsoft.com,Michael Beck,Agricultural consultant,"Drakefurt, CO"
gregory.white@microsoft.com,Gregory White,Counselling psychologist,"East Vanessa, NM"
jason.johnson@microsoft.com,Jason Johnson,Licensed conveyancer,"South Jennifermouth, TN"
todd.hartman@microsoft.com,Todd Hartman,Surveyor,"North Ronaldstad, MI"
william.wong@microsoft.com,William Wong,Midwife,"Frankport, SC"
kimberly.gray@microsoft.com,Kimberly Gray,Food technologist,"Bestville, NY"
kristin.johnson@microsoft.com,Kristin Johnson,Insurance claims handler,"South Christineborough, NE"
joshua.butler@microsoft.com,Joshua Butler,Statistician,"Rowlandshire, NH"
thomas.hunter@microsoft.com,Thomas Hunter,Horticulturist,"East Claudia, WY"
curtis.steele@microsoft.com,Curtis Steele,Field seismologist,"New Yolandaside, AZ"
wayne.wilson@microsoft.com,Wayne Wilson,Administrator,"Phillipschester, KY"
shane.gregory@microsoft.com,Shane Gregory,Financial manager,"Matthewfort, NE"
erica.davis@microsoft.com,Erica Davis,Pharmacist,"Port Marymouth, CT"
douglas.morris@microsoft.com,Douglas Morris,Human resources officer,"Garciaport, WV"
deanna.aguilar@microsoft.com,Deanna Aguilar,Advertising art director,"New Tiffany, WA"
amber.olson@microsoft.com,Amber Olson,Politician's assistant,"South Steven, NY"
erika.short@microsoft.com,Erika Short,Warehouse manager,"Greentown, MT"
laurie.matthews@microsoft.com,Laurie Matthews,Make,"West Michealside, MT"
brian.hall@microsoft.com,Brian Hall,Estate manager/land agent,"West Jessicaton, AZ"
jeffrey.griffith@microsoft.com,Jeffrey Griffith,Ship broker,"Lake Richard, NM"
kimberly.henry@microsoft.com,Kimberly Henry,Surveyor,"Greenstad, IA"
tracy.andrews@microsoft.com,Tracy Andrews,Fine artist,"Port Brent, KY"
danielle.carter@microsoft.com,Danielle Carter,Sports coach,"Port Selena, TX"
hayley.myers@microsoft.com,Hayley Myers,Multimedia programmer,"Port Kimhaven, WI"
dawn.graves@microsoft.com,Dawn Graves,Product manager,"Carlosbury, MI"
janet.clark@microsoft.com,Janet Clark,Restaurant manager,"Port Melissa, FL"
paul.miller@microsoft.com,Paul Miller,Landscape architect,"Brownstad, ND"
brian.michael@microsoft.com,Brian Michael,Commercial horticulturist,"North Christopherborough, TX"
jeffrey.abbott@microsoft.com,Jeffrey Abbott,Rural practice surveyor,"Michaelshire, WA"
anthony.williams@microsoft.com,Anthony Williams,Secretary,"Laurenchester, ID"
heather.singh@microsoft.com,Heather Singh,Conservator,"Carmenshire, MD"
samuel.robbins@microsoft.com,Samuel Robbins,Animal technologist,"West Leah, IL"
danielle.patterson@microsoft.com,Danielle Patterson,Community development worker,"New Mary, CO"
erin.cannon@microsoft.com,Erin Cannon,Psychologist,"Allenchester, NC"
todd.cooper@microsoft.com,Todd Cooper,Clinical psychologist,"Stanleyhaven, IN"
hannah.moore@microsoft.com,Hannah Moore,Museum/gallery exhibitions officer,"West Jennifer, GA"
thomas.henry@microsoft.com,Thomas Henry,Civil Service administrator,"Floresport, DE"
virginia.evans@microsoft.com,Virginia Evans,Nurse,"Youngfurt, AZ"
timothy.garrett@microsoft.com,Timothy Garrett,Maintenance engineer,"New James, ME"
linda.scott@microsoft.com,Linda Scott,Environmental health practitioner,"Williamsville, TN"
michele.walters@microsoft.com,Michele Walters,Actor,"West Danielle, AZ"
brandy.delacruz.md@microsoft.com,Brandy Delacruz MD,Microbiologist,"Port David, UT"
alicia.green@microsoft.com,Alicia Green,Chemical engineer,"South Lisaport, MI"
heather.rojas@microsoft.com,Heather Rojas,Engineer,"Adrianstad, RI"
andrew.smith@microsoft.com,Andrew Smith,Electronics engineer,"Lake Tamarastad, WA"
rebecca.pham@microsoft.com,Rebecca Pham,Charity officer,"East Christopherfort, WI"
jackson.clark@microsoft.com,Jackson Clark,Hospital pharmacist,"West Samanthastad, VT"
tiffany.phillips@microsoft.com,Tiffany Phillips,Pensions consultant,"Bryanburgh, WV"
megan.mitchell@microsoft.com,Megan Mitchell,Glass blower/designer,"Garciafurt, MI"
joseph.moore@microsoft.com,Joseph Moore,Engineer,"Robertsview, MA"
anthony.castro@microsoft.com,Anthony Castro,Solicitor,"West Anthonymouth, WV"
